197324,37216,197324,35716
197124,35716,197124,37216
186634,47716,186634,48516
186834,48516,186834,48366
186834,47716,186834,47866
186854,47716,186854,47846
186854,48516,186854,48386
240049,47716,240049,48516
239849,48516,239849,47716
239829,47716,239829,47866
239829,48516,239829,48366
186854,47846,187194,47846
187194,47846,187194,48386
187194,48386,186854,48386
240124,17816,245774,17816
240124,17616,245774,17616
186524,17816,184934,17816
186524,17616,185134,17616
186634,43761,186834,43761
186634,43471,186834,43471
186834,43471,186834,43761
186634,43471,186634,43761
186834,43516,186634,43516
186834,43716,186634,43716
186634,45261,186834,45261
186634,44971,186834,44971
186834,44971,186834,45261
186634,44971,186634,45261
186834,45016,186634,45016
186834,45216,186634,45216
186904,46421,186914,46421
186914,46421,186914,45311
186904,45311,186914,45311
186904,44921,186914,44921
186914,44921,186914,43811
186904,43811,186914,43811
186904,43421,186914,43421
186914,43421,186914,42311
186904,42311,186914,42311
192739,-1964,192004,-1964
186634,41016,186634,40216
186834,40216,186834,40366
186834,41016,186834,40866
186854,41016,186854,40886
186854,40216,186854,40346
186854,33536,187344,33536
187344,33536,187344,32696
187344,32696,186854,32696
186854,26036,187344,26036
187344,26036,187344,25196
187344,25196,186854,25196
186834,17816,186834,19761
186634,17816,186634,19761
186854,19781,186854,17816
186634,19761,186834,19761
240044,42181,239829,42181
240044,44984,239829,44984
240044,45314,239829,45314
239829,45314,239829,44984
240044,46551,239829,46551
240044,43747,239829,43747
240049,43727,239849,43727
240044,43417,239829,43417
240049,43437,239849,43437
239829,43417,239829,43747
239849,43437,239849,43727
240049,43437,240049,43727
240049,45294,239849,45294
240049,45004,239849,45004
239849,45004,239849,45294
240049,45004,240049,45294
246574,17816,246714,17816
239829,19681,239829,17816
239849,19661,239849,17816
240049,19661,240049,17816
239849,19661,240049,19661
240049,41016,240049,40216
239849,40216,239849,41016
239829,41016,239829,40866
239829,40216,239829,40366
230324,48366,230324,47866
230324,40866,230324,40366
229274,8281,229274,7481
230174,7481,229274,7481
229174,8081,229174,7381
230124,52906,230254,52906
230254,52906,230254,52346
230254,52346,230124,52346
230124,35816,230124,36376
220624,8281,220624,7741
220624,7741,219724,7741
219724,7741,219724,8281
219524,8281,219524,7641
220724,7641,220724,8281
206094,27201,206094,25451
206094,27201,205194,27201
206194,27301,205194,27301
206574,25051,206094,25051
197224,24951,195324,24951
197224,26001,195424,26001
197324,26101,195324,26101
197324,24851,195324,24851
195524,21851,195624,21851
195324,23101,195324,21651
195324,24951,195324,24601
195524,23101,195524,21851
195524,24851,195524,24601
195624,21851,195624,21651
197224,21651,197124,21651
195524,24601,195324,24601
195524,23101,195324,23101
197124,43616,197124,26101
197224,26001,197224,24951
197324,43616,197324,24851
217224,8081,202424,8081
200724,26951,200724,26751
200524,26951,200524,26751
200524,26751,200724,26751
199524,27151,199524,30291
228124,24851,225024,24851
227574,8081,222324,8081
231624,8281,230174,8281
229274,8281,229074,8281
227574,8281,227574,8081
229074,8281,229074,8081
219274,25051,218724,25051
217224,24851,208074,24851
204994,25051,204994,30291
204994,30391,204994,31291
200524,25051,199524,25051
200724,25051,200724,25251
200524,25051,200524,25251
199524,25051,199524,25251
205194,32391,205194,27301
205194,27201,205194,25451
205194,25351,205194,25051
206094,27201,206094,25451
206094,25351,206094,24851
205194,25051,205194,24851
206194,27301,206194,25051
198724,8081,198724,7481
198724,10031,198524,10031
198724,8531,198524,8531
220824,8081,220724,8081
219524,8081,218724,8081
220824,8281,220624,8281
219724,8281,218724,8281
231624,10031,231824,10031
231624,8531,231824,8531
231824,10031,231824,10331
231624,10031,231624,10331
231624,23101,231824,23101
231624,24601,231824,24601
231824,23101,231824,22801
231624,23101,231624,22801
208074,25051,208074,24851
206574,25051,206574,24851
199524,26751,199524,26951
223524,25051,221794,25051
223524,24851,218724,24851
220824,8281,220824,8081
222324,8281,222324,8081
222324,8281,227574,8281
231624,24851,231624,24601
231824,24851,231824,24601
231624,10331,231824,10331
231824,8081,231824,8531
231624,8281,231624,8531
202424,8281,202424,8081
200924,8281,200924,8081
198724,8081,200274,8081
200374,8081,200924,8081
200924,8281,198724,8281
231824,8081,230274,8081
229174,8081,229074,8081
200524,25251,200724,25251
200724,27151,199524,27151
200724,26951,200724,27151
199524,26951,200524,26951
199524,26751,199324,26751
199524,25251,199324,25251
199324,24851,199324,25251
204994,31291,201174,31291
201074,31291,199924,31291
199824,31291,199324,31291
199824,30391,199324,30391
199924,30291,199524,30291
204994,31491,203074,31491
202974,31491,201574,31491
201474,31491,199524,31491
200724,32491,199524,32491
200724,32291,199524,32291
199324,24851,205194,24851
218724,25051,218724,24851
217224,25051,217224,24851
217224,25051,213799,25051
217224,8281,202424,8281
217224,8281,217224,8081
218724,8281,218724,8081
223524,24851,223524,25051
225024,24851,225024,25051
204994,25051,200724,25051
227924,25051,227924,25651
227924,25751,227924,35261
228124,24851,228124,35461
227924,25051,226524,25051
226424,25051,225024,25051
230324,28801,230124,28801
230124,43616,230124,28801
230324,43616,230324,35516
230324,34716,230324,28801
213649,25051,208074,25051
199524,32491,199524,32966
197124,21851,197224,21851
195624,21651,195324,21651
197124,21851,197124,21651
204994,30391,201174,30391
201074,30291,204994,30291
204994,32291,203074,32291
203074,31491,203074,32291
202974,31491,202974,32391
205194,32391,202974,32391
199324,32966,199524,32966
199324,34466,199524,34466
199324,32966,199324,31291
199324,30391,199324,26751
199524,32966,199524,32491
199524,32291,199524,31491
200524,34466,200724,34466
200724,35261,200724,34466
200524,34466,200724,34466
200524,34466,200524,35261
204994,31491,204994,32391
201174,30391,201174,31291
201074,30291,201074,31291
199524,35261,199524,34466
205194,25351,206094,25351
206094,25451,205194,25451
206094,24851,206574,24851
199324,34466,199324,35461
199524,34466,199524,35256
199824,30391,199824,31291
199924,30291,199924,31291
230124,24851,231874,24851
230124,24951,230674,24951
230774,24951,231774,24951
230124,25851,230674,25851
230224,25951,230774,25951
230124,27301,230124,25851
230124,24951,230124,24851
230224,27101,230224,25951
230674,25851,230674,24951
230774,25951,230774,24951
231774,27101,230224,27101
231874,27201,230124,27201
231774,27101,231774,24951
231874,27201,231874,24851
230124,27301,230324,27301
230324,27301,230324,27201
230224,27301,230224,27201
195324,24951,195324,26101
195424,24951,195424,26001
226524,25051,226524,25651
226524,25651,227924,25651
227924,25751,226424,25751
226424,25751,226424,24851
200724,32291,201474,32291
200724,32391,201574,32391
201474,32291,201474,31491
201574,32391,201574,31491
230174,8281,230174,8081
200374,8081,200374,8281
231624,8281,231824,8281
229174,8081,229174,8281
199369,35461,199324,35461
228079,35461,228124,35461
228079,35261,228124,35261
198724,8531,198724,8281
198724,8081,198724,7381
198524,8531,198524,7381
198724,10031,198724,10331
198524,10031,198524,10331
231624,22801,231824,22801
198724,7381,198524,7381
197124,45116,197124,53616
197324,45116,197324,53616
227924,53616,227924,53471
228124,53616,228124,53271
230124,52906,230124,53216
230324,53216,230324,45116
230124,45116,230126,52347
199324,54266,199524,54266
200524,54266,200724,54266
200724,53471,200724,54266
200524,54266,200724,54266
200524,54266,200524,53471
199524,53471,199524,54266
199324,54266,199324,53271
199524,54266,199524,53476
199369,53271,199324,53271
228079,53271,228124,53271
228079,53471,228124,53471
197324,45116,197124,45116
197324,43616,197124,43616
199324,31491,205194,31496
205194,31496,205194,24851
205194,24851,199324,24851
199324,31491,199324,24851
200724,32391,205194,32391
205194,32391,205194,27301
200724,32491,205294,32491
205294,32491,205294,27301
238879,-2179,238879,-1914
238879,-1914,240554,-1914
240554,-1914,240554,-1514
240554,-1514,241494,-1514
241494,-1514,241494,-2814
241494,-2814,242135,-2814
242135,-2814,242135,-3079
243935,-3079,243935,-2814
243935,-2814,243444,-2814
243444,-2814,243444,-3079
246709,-1259,246444,-1259
246444,-1259,246444,-1514
246444,-1514,245704,-1514
245704,-1514,245704,-2814
245704,-2814,245244,-2814
245244,-2814,245244,-3079
246709,51,246444,51
246444,51,246444,541
246444,541,246709,541
246709,1851,246444,1851
246444,1851,246444,2646
246444,2646,245704,2646
245704,2646,245704,3601
245704,3601,246709,3601
246709,4911,246444,4911
246444,4911,246444,5641
246444,5641,246709,5641
246709,8991,246444,8991
246444,8991,246444,9721
246444,9721,246709,9721
246709,11031,245704,11031
245704,11031,245704,11986
245704,11986,246444,11986
246444,11986,246444,12781
246444,12781,246709,12781
246709,14091,246444,14091
246444,14091,246444,14581
246444,14581,246709,14581
240044,19711,239779,19711
239779,19711,239779,17886
239779,17886,239254,17886
239254,17886,239254,16766
239254,16766,240604,16766
240604,16766,240604,17546
240604,17546,245554,17546
245554,17546,245554,16766
245554,16766,246444,16766
246444,16766,246444,15891
246444,15891,246709,15891
240044,20887,239779,20887
239779,20887,239779,21278
239779,21278,240044,21278
240044,22454,239779,22454
239779,22454,239779,22844
239779,22844,240044,22844
240044,24021,239779,24021
239779,24021,239779,25146
239779,25146,239254,25146
239254,25146,239254,26086
239254,26086,239779,26086
239779,26086,239779,27211
239779,27211,240044,27211
240044,28387,239779,28387
239779,28387,239779,28778
239779,28778,240044,28778
240044,29954,239779,29954
239779,29954,239779,30344
239779,30344,240044,30344
240044,31521,239779,31521
239779,31521,239779,32646
239779,32646,239254,32646
239254,32646,239254,33586
239254,33586,239779,33586
239779,33586,239779,34711
239779,34711,240044,34711
240044,35887,239779,35887
239779,35887,239779,36278
239779,36278,240044,36278
240044,37454,239779,37454
239779,37454,239779,37844
239779,37844,240044,37844
240044,43387,239779,43387
239779,43387,239779,43778
239779,43778,240044,43778
240044,44954,239779,44954
239779,44954,239779,45344
239779,45344,240044,45344
240044,39021,239779,39021
239779,39021,239779,40296
239779,40296,239404,40296
239404,40296,239404,40936
239404,40936,239779,40936
239779,40936,239779,42211
239779,42211,240044,42211
240044,46521,239779,46521
239779,46521,239779,47796
239779,47796,239404,47796
239404,47796,239404,48016
239404,48216,239404,48436
239404,48436,239779,48436
239779,48436,239779,49711
239779,49711,240044,49711
186639,49811,186904,49811
186904,49811,186904,48436
186904,48436,187244,48436
187244,48436,187244,48216
187244,48016,187244,47796
187244,47796,186904,47796
186904,47796,186904,46421
186904,46421,186639,46421
186639,44921,186904,44921
186904,44921,186904,45311
186904,45311,186639,45311
186639,43421,186904,43421
186904,43421,186904,43811
186904,43811,186639,43811
186639,42311,186904,42311
186904,42311,186904,40936
186904,40936,187244,40936
187244,40936,187244,40296
187244,40296,186904,40296
186904,40296,186904,38921
186904,38921,186639,38921
186639,37421,186904,37421
186904,37421,186904,37811
186904,37811,186639,37811
186639,35921,186904,35921
186904,35921,186904,36311
186904,36311,186639,36311
186639,34811,186904,34811
186904,34811,186904,33586
186904,33586,187394,33586
187394,33586,187394,32646
187394,32646,186904,32646
186904,32646,186904,31421
186904,31421,186639,31421
186639,29921,186904,29921
186904,29921,186904,30311
186904,30311,186639,30311
186639,28421,186904,28421
186904,28421,186904,28811
186904,28811,186639,28811
186639,27311,186904,27311
186904,27311,186904,26086
186904,26086,187394,26086
187394,26086,187394,25146
187394,25146,186904,25146
186904,25146,186904,23921
186904,23921,186639,23921
184939,-1259,185204,-1259
185204,-1259,185204,-1514
185204,-1514,185944,-1514
185944,-1514,185944,-2814
185944,-2814,186405,-2814
186405,-2814,186405,-3079
184939,541,185204,541
185204,541,185204,51
185204,51,184939,51
184939,3601,185944,3601
185944,3601,185944,2646
185944,2646,185204,2646
185204,2646,185204,1851
185204,1851,184939,1851
184939,5641,185204,5641
185204,5641,185204,4911
185204,4911,184939,4911
184939,7681,185204,7681
185204,7681,185204,6951
185204,6951,184939,6951
184939,9721,185204,9721
185204,9721,185204,8991
185204,8991,184939,8991
184939,11031,185944,11031
185944,11031,185944,11986
185944,11986,185204,11986
185204,11986,185204,12781
185204,12781,184939,12781
184939,14581,185204,14581
185204,14581,185204,14091
185204,14091,184939,14091
186639,19811,186904,19811
186904,19811,186904,18666
186904,18666,186904,17886
186904,17886,187394,17886
187394,17886,187394,16946
187394,16946,186454,16946
186454,16946,186454,17546
186454,17546,185204,17546
185204,17546,185204,15891
185204,15891,184939,15891
186639,21311,186904,21311
186904,21311,186904,20921
186904,20921,186639,20921
186639,22811,186904,22811
186904,22811,186904,22421
186904,22421,186639,22421
237770,-2179,237770,-1914
237770,-1914,237379,-1914
237379,-1914,237379,-2179
236270,-2179,236270,-1914
236270,-1914,235879,-1914
235879,-1914,235879,-2179
231879,-2179,231879,-1914
231879,-1914,232854,-1914
232854,-1914,232854,-1514
232854,-1514,233794,-1514
233794,-1514,233794,-1914
233794,-1914,234770,-1914
234770,-1914,234770,-2179
230379,-2179,230379,-1914
230379,-1914,230770,-1914
230770,-1914,230770,-2179
228879,-2179,228879,-1914
228879,-1914,229270,-1914
229270,-1914,229270,-2179
224879,-2179,224879,-1914
224879,-1914,225854,-1914
225854,-1914,225854,-1514
225854,-1514,226794,-1514
226794,-1514,226794,-1914
226794,-1914,227770,-1914
227770,-1914,227770,-2179
223379,-2179,223379,-1914
223379,-1914,223770,-1914
223770,-1914,223770,-2179
221879,-2179,221879,-1914
221879,-1914,222270,-1914
222270,-1914,222270,-2179
216379,-2179,216379,-1914
216379,-1914,216770,-1914
216770,-1914,216770,-2179
214879,-2179,214879,-1914
214879,-1914,215270,-1914
215270,-1914,215270,-2179
210879,-2179,210879,-1914
210879,-1914,211854,-1914
211854,-1914,211854,-1514
211854,-1514,212794,-1514
212794,-1514,212794,-1914
212794,-1914,213770,-1914
213770,-1914,213770,-2179
209379,-2179,209379,-1914
209379,-1914,209770,-1914
209770,-1914,209770,-2179
207879,-2179,207879,-1914
207879,-1914,208270,-1914
208270,-1914,208270,-2179
203879,-2179,203879,-1914
203879,-1914,204854,-1914
204854,-1914,204854,-1514
204854,-1514,205794,-1514
205794,-1514,205794,-1914
205794,-1914,206770,-1914
206770,-1914,206770,-2179
202379,-2179,202379,-1914
202379,-1914,202770,-1914
202770,-1914,202770,-2179
200879,-2179,200879,-1914
200879,-1914,201270,-1914
201270,-1914,201270,-2179
196879,-2179,196879,-1914
196879,-1914,197854,-1914
197854,-1914,197854,-1514
197854,-1514,198524,-1514
198795,7381,198795,7381
198795,7381,198794,-1914
198794,-1914,199770,-1914
199770,-1914,199770,-2179
195379,-2179,195379,-1914
195379,-1914,195770,-1914
195770,-1914,195770,-2179
193879,-2179,193879,-1914
193879,-1914,194270,-1914
194270,-1914,194270,-2179
192770,-2179,192770,-1914
192770,-1914,191094,-1914
191094,-1914,191094,-1514
191094,-1514,190154,-1514
190154,-1514,190154,-2814
190154,-2814,189514,-2814
189514,-2814,189514,-3079
187714,-3079,187714,-2814
187714,-2814,188205,-2814
188205,-2814,188205,-3079
231824,24851,231874,24851
195324,21651,197224,21651
197224,21651,197224,21101
197224,21101,198524,21101
198524,21101,198524,22801
199349,35241,199349,53491
199349,53491,228124,53491
228124,53491,228124,35241
199349,35241,228124,35241
200374,7381,200374,8081
200374,8081,198524,8081
198524,8081,198524,7381
200374,7381,198524,7381
201915,35456,201915,35211
201915,35211,200854,35211
203034,35456,203034,35211
203034,35211,203415,35211
203415,35211,203415,35456
204534,35456,204534,35211
204534,35211,204794,35211
207615,35456,207615,35211
207615,35211,207234,35211
207234,35211,207234,35456
206115,35456,206115,35211
206115,35211,205854,35211
210315,35456,210315,35211
210315,35211,208734,35211
208734,35211,208734,35456
211815,35456,211815,35211
211815,35211,211434,35211
211434,35211,211434,35456
212934,35456,212934,35211
212934,35211,213194,35211
216015,35456,216015,35211
216015,35211,215634,35211
215634,35211,215634,35456
214515,35456,214515,35211
214515,35211,214254,35211
218715,35456,218715,35211
218715,35211,217134,35211
217134,35211,217134,35456
220215,35456,220215,35211
220215,35211,219834,35211
219834,35211,219834,35456
221334,35456,221334,35211
221334,35211,221594,35211
224415,35456,224415,35211
224415,35211,224034,35211
224034,35211,224034,35456
222915,35456,222915,35211
222915,35211,222654,35211
225534,35456,225534,35211
225534,35211,227794,35211
201915,53276,201915,53521
201915,53521,200854,53521
203034,53276,203034,53521
203034,53521,203415,53521
203415,53521,203415,53276
204534,53276,204534,53521
204534,53521,204794,53521
207615,53276,207615,53521
207615,53521,207234,53521
207234,53521,207234,53276
206115,53276,206115,53521
206115,53521,205854,53521
210315,53276,210315,53521
210315,53521,208734,53521
208734,53521,208734,53276
211815,53276,211815,53521
211815,53521,211434,53521
211434,53521,211434,53276
212934,53276,212934,53521
212934,53521,213194,53521
216015,53276,216015,53521
216015,53521,215634,53521
215634,53521,215634,53276
214515,53276,214515,53521
214515,53521,214254,53521
218715,53276,218715,53521
218715,53521,217134,53521
217134,53521,217134,53276
220215,53276,220215,53521
220215,53521,219834,53521
219834,53521,219834,53276
221334,53276,221334,53521
221334,53521,221594,53521
224415,53276,224415,53521
224415,53521,224034,53521
224034,53521,224034,53276
222915,53276,222915,53521
222915,53521,222654,53521
225534,53276,225534,53521
225534,53521,227794,53521
197124,50266,197324,50266
197124,48766,197324,48766
230124,50266,230324,50266
230124,48766,230324,48766
234599,25146,239779,25146
234719,25266,236199,25266
234599,25146,234599,25991
239779,24021,239779,24820
234599,25991,234719,25991
234599,27211,234599,27211
234599,27211,234599,26991
234719,26991,234599,26991
239404,48016,230774,48016
239404,48216,230774,48216
187244,48016,196674,48016
187244,48216,196674,48216
198524,7381,198524,-1514
232674,10331,231824,10331
230324,45199,231894,45199
217141,8081,217141,8044
194724,29371,194724,29491
194724,35416,194724,35516
194724,40766,194724,40866
194724,40866,196674,40866
196524,35516,194824,35516
194824,35616,194724,35616
194824,36616,194724,36616
194824,35296,194724,35296
194724,29371,197124,29371
194724,35296,194724,35416
194824,35296,194824,35396
197124,38438,194724,38438
194724,40866,194724,40146
194844,40746,194844,40146
194844,40146,194724,40146
230924,34716,231894,34716
231774,40456,231874,40456
219524,7381,220724,7381
229174,7381,231824,7381
219524,7641,219524,7381
220724,7641,220724,7381
220724,7381,220724,8281
220724,8281,220624,8281
220624,8281,220624,7381
220724,7381,220624,7381
222544,8081,222544,7381
222544,7381,222424,7381
222424,7381,222424,8081
229174,7381,229174,8081
229174,8081,229274,8081
229274,8081,229274,7381
229174,7381,229274,7381
231774,40456,231774,40566
232674,10451,232674,10331
239779,32226,233674,32226
234699,27311,234599,27311
234699,28311,234599,28311
234599,28311,234599,32106
234599,27211,234599,27311
234699,28311,234699,32106
234699,27211,234699,27311
227924,28251,225207,28251
223341,28251,221794,28251
227924,28351,225107,28351
194724,32603,194724,32283
194724,31283,194724,29491
194824,32603,194824,32503
194824,32383,194824,32283
194824,31283,194824,29491
194824,32283,194724,32283
217141,25751,217141,25051
217141,25751,217021,25751
218807,25751,218807,25051
218807,25751,218927,25751
197124,45199,194724,45199
194724,45199,194724,45399
194724,46399,194724,48016
194724,48016,194824,48016
194824,48016,194824,48016
197124,45299,194824,45299
194824,45299,194824,45399
194824,46399,194824,48016
194824,48016,194824,48016
194824,48016,194824,48016
194824,45399,194724,45399
194824,46399,194724,46399
194824,46699,194724,46699
194824,45299,194824,45199
194724,35516,194724,35616
194724,36616,194724,38438
194824,35396,194824,35616
194824,36616,194824,38438
194824,35296,194824,33603
194724,33603,194724,35296
194724,38438,194724,38558
223441,25051,223441,25701
223441,26701,223441,27351
223441,27451,223441,28351
225107,25051,225107,25701
225107,26701,225107,27351
225107,27451,225107,28351
223341,25051,223341,25701
223341,26701,223341,28251
225207,25051,225207,25701
225207,26701,225207,28251
231774,34716,231774,39456
223524,27451,223441,27451
223524,27351,223441,27351
223441,28351,221794,28351
230324,43533,231894,43533
231774,45319,231774,45419
233674,32226,233674,32106
231774,40776,231874,40776
231774,40456,231894,40456
231774,40776,231894,40776
231774,34716,231894,34716
231774,45419,231874,45419
231774,45419,231894,45419
231774,46419,231894,46419
231774,46419,231774,48016
223524,27451,223524,27351
225024,27451,225024,27351
225024,27451,225107,27451
225024,27351,225107,27351
223441,25701,223341,25701
223441,26701,223341,26701
225107,25701,225207,25701
225107,26701,225207,26701
229424,10681,230524,10681
199824,10681,200924,10681
199824,10331,200924,10331
229424,10581,230524,10581
225674,14851,222874,14851
222874,14951,225674,14951
228574,10681,227674,10681
228574,10331,227674,10331
197474,15716,197474,11516
197374,15816,197374,11666
197474,15716,198524,15716
197374,15816,198524,15816
198524,10281,197374,10281
198524,10381,197474,10381
197374,11666,197374,10281
197474,11516,197474,10381
198724,7481,200274,7481
198724,7381,200374,7381
200274,8081,200274,7481
200374,8081,200374,7381
231724,7481,230274,7481
231824,7381,230174,7381
230274,8081,230274,7481
230174,8081,230174,7381
231824,8081,231824,7381
231724,8081,231724,7481
232574,22366,232574,17666
231824,22366,232574,22366
231824,22466,232694,22466
231824,17666,232574,17666
197324,21201,198524,21201
197224,21101,198524,21101
197324,22701,197324,21201
197224,22801,197224,21101
198524,22701,197324,22701
198524,22801,197224,22801
237777,25266,237777,25991
237777,26991,237777,27091
237897,25266,237897,25991
237897,26991,237777,26991
237897,25991,237777,25991
195324,11516,195324,12312
195424,11516,195424,12212
195424,12312,195424,13946
195324,12312,195324,14596
195324,15596,195324,15821
195424,13946,195424,14596
195424,15596,195424,15696
197374,15816,195444,15816
195444,15816,195444,15916
195424,15596,195324,15596
195424,14596,195324,14596
195424,12212,197374,12212
195324,12312,197374,12312
195424,11516,195324,11516
195324,21651,195324,15596
241494,-1514,245704,-1514
200924,8031,200924,8081
222324,8031,222324,8081
227574,8031,227574,8086
229074,8031,229074,8081
191094,-1714,191094,-1914
197855,-1914,197855,-1714
185405,-1514,185205,-1514
213799,34696,213999,34696
237897,26991,237897,27091
230324,45116,230124,45116
230124,43616,230324,43616
231774,41776,231774,43413
231774,40456,231774,40776
231774,41776,231894,41776
231774,39456,231894,39456
213649,25051,213649,34696
213799,25051,213799,34696
221794,25051,221794,34696
221594,25051,221594,34696
221594,25051,218724,25051
226324,3786,226324,-1514
226174,3786,226174,-1514
233294,3786,233294,-1514
226324,3786,229784,3786
231264,3786,233294,3786
219964,3936,222674,3936
224174,3936,229784,3936
231264,3936,233444,3936
226174,3786,224174,3786
222674,3786,220114,3786
233444,3936,233444,-1514
219964,3936,219964,-1914
220114,-1914,220114,3136
220114,3136,220114,3136
220114,3136,220114,3786
217879,-2179,217879,-1914
217879,-1914,218854,-1914
218854,-1914,218854,-1514
218854,-1514,219964,-1514
219964,-1514,219964,-1914
219964,-1914,220770,-1914
220770,-1914,220770,-2179
220723,3986,222552,3986
222552,3986,222552,3936
224297,3986,229642,3986
224297,3936,224297,3986
229642,3936,229642,3986
231387,3986,233444,3986
231387,3936,231387,3986
233444,3986,233444,3936
222674,3936,222674,3786
224174,3936,224174,3786
229784,3936,229784,3786
231264,3936,231264,3786
239824,2750,239824,5516
239824,5666,239824,6113
239824,7203,239824,15321
239824,16411,239824,16766
239674,16411,239674,16766
239824,-1914,239824,-227
239824,2750,239674,2750
239824,1250,239674,1250
239824,5516,246444,5516
239824,5666,246444,5666
239824,6113,239674,6113
239824,16411,239674,16411
239824,15321,239674,15321
245704,11031,239824,11031
245704,11181,239824,11181
246494,16616,239824,16616
246494,16766,239824,16766
238879,-2179,238879,-1914
238879,-1914,239674,-1914
239674,-1914,239674,-227
239674,2750,239674,6020
239674,7296,239674,15228
239824,6113,239674,6113
239824,16411,239674,16411
239824,15321,239674,15321
239824,16402,239674,16402
239674,16402,239674,16391
239674,16391,239824,16391
239824,16391,239824,16402
239674,16402,239824,16402
239718,16354,239769,16354
239769,16354,239769,16356
239769,16356,239769,16356
239769,16356,239769,16366
239769,16366,239718,16366
239718,16354,239718,16366
239824,16456,239824,16391
239824,16381,239812,16381
239812,16381,239812,16376
239812,16376,239842,16376
239842,16376,239842,16456
239842,16456,239824,16456
239674,16366,239824,16366
239824,16366,239824,16376
239824,16376,239813,16376
239813,16376,239812,16376
239812,16376,239812,16381
239812,16381,239824,16381
239824,16381,239824,16391
239824,16391,239674,16391
239674,16391,239674,16381
239674,16381,239685,16381
239685,16381,239685,16376
239685,16376,239674,16376
239674,16366,239674,16376
239674,16376,239657,16376
239656,16377,239656,16389
239653,16392,239652,16392
239652,16392,239652,16458
239652,16458,239650,16458
239674,16501,239674,16381
239674,16504,239632,16504
239632,16504,239632,16469
239632,16469,239653,16373
239653,16373,239674,16373
239674,16381,239685,16381
239685,16381,239685,16376
239685,16376,239674,16376
239824,16411,239674,16411
239824,16391,239824,16391
239824,16391,239824,16381
239824,16402,239824,16411
239824,16366,240825,16366
240825,16366,240825,16324
240825,16324,239824,16324
239824,16324,239824,16366
239824,15330,239674,15330
239674,15330,239674,15341
239674,15341,239824,15341
239824,15341,239824,15330
239674,15330,239824,15330
239718,15378,239769,15378
239769,15378,239769,15376
239769,15376,239769,15376
239769,15376,239769,15366
239769,15366,239718,15366
239718,15378,239718,15366
239824,15276,239824,15341
239824,15351,239812,15351
239812,15351,239812,15356
239812,15356,239842,15356
239842,15356,239842,15276
239842,15276,239824,15276
239674,15366,239824,15366
239824,15366,239824,15356
239824,15356,239813,15356
239813,15356,239812,15356
239812,15356,239812,15351
239812,15351,239824,15351
239824,15351,239824,15341
239824,15341,239674,15341
239674,15341,239674,15351
239674,15351,239685,15351
239685,15351,239685,15356
239685,15356,239674,15356
239674,15366,239674,15356
239674,15356,239657,15356
239656,15355,239656,15343
239653,15339,239652,15339
239652,15339,239652,15273
239652,15273,239650,15273
239637,15241,239635,15241
239635,15241,239635,15231
239635,15231,239674,15231
239674,15231,239674,15351
239674,15228,239632,15228
239632,15228,239632,15262
239632,15262,239653,15359
239653,15359,239674,15359
239674,15351,239685,15351
239685,15351,239685,15356
239685,15356,239674,15356
239824,15321,239674,15321
239824,15341,239824,15341
239824,15341,239824,15351
239824,15330,239824,15321
239824,6122,239674,6122
239674,6122,239674,6133
239674,6133,239824,6133
239824,6133,239824,6122
239674,6122,239824,6122
239718,6170,239769,6170
239769,6170,239769,6168
239769,6168,239769,6168
239769,6168,239769,6158
239769,6158,239718,6158
239718,6170,239718,6158
239824,6143,239812,6143
239812,6143,239812,6148
239674,6158,239824,6158
239824,6158,239824,6148
239824,6148,239813,6148
239813,6148,239812,6148
239812,6148,239812,6143
239812,6143,239824,6143
239824,6143,239824,6133
239824,6133,239674,6133
239674,6133,239674,6143
239674,6143,239685,6143
239685,6143,239685,6148
239685,6148,239674,6148
239674,6158,239674,6148
239674,6148,239657,6148
239656,6147,239656,6135
239653,6131,239652,6131
239652,6131,239652,6065
239652,6065,239650,6065
239637,6033,239635,6033
239635,6033,239635,6023
239635,6023,239674,6023
239674,6023,239674,6143
239674,6020,239632,6020
239632,6020,239632,6054
239632,6054,239653,6151
239653,6151,239674,6151
239674,6143,239685,6143
239685,6143,239685,6148
239685,6148,239674,6148
239824,6113,239674,6113
239824,6122,239824,6113
239824,6158,240825,6158
240825,6158,240825,6200
240825,6200,239824,6200
239824,6200,239824,6158
239824,2741,239674,2741
239674,2741,239674,2730
239674,2730,239824,2730
239824,2730,239824,2741
239674,2741,239824,2741
239718,2693,239769,2693
239769,2693,239769,2695
239769,2695,239769,2695
239769,2695,239769,2705
239769,2705,239718,2705
239718,2693,239718,2705
239824,2795,239824,2720
239824,2720,239812,2720
239812,2720,239812,2715
239812,2715,239839,2715
239839,2715,239842,2718
239842,2718,239842,2792
239842,2792,239839,2795
239824,2795,239839,2795
239674,2705,239824,2705
239824,2705,239824,2715
239824,2715,239813,2715
239813,2715,239812,2715
239812,2715,239812,2720
239812,2720,239824,2720
239824,2720,239824,2730
239824,2730,239674,2730
239674,2730,239674,2720
239674,2720,239685,2720
239685,2720,239685,2715
239685,2715,239674,2715
239674,2705,239674,2715
239674,2715,239657,2715
239656,2716,239656,2728
239653,2732,239652,2732
239652,2732,239652,2798
239652,2798,239650,2798
239637,2830,239635,2830
239635,2830,239635,2840
239635,2840,239674,2840
239674,2840,239674,2720
239674,2843,239632,2843
239632,2843,239632,2809
239632,2809,239653,2712
239653,2712,239674,2712
239674,2720,239685,2720
239685,2720,239685,2715
239685,2715,239674,2715
239674,1250,239824,1250
239674,2750,239824,2750
239824,2750,239674,2750
239824,1260,239674,1260
239674,1260,239674,1271
239674,1271,239824,1271
239824,1271,239824,1260
239674,1260,239824,1260
239718,1308,239769,1308
239769,1308,239769,1306
239769,1306,239769,1306
239769,1306,239769,1296
239769,1296,239718,1296
239718,1308,239718,1296
239824,1206,239824,1281
239824,1281,239812,1281
239812,1281,239812,1286
239812,1286,239839,1286
239839,1286,239842,1283
239842,1283,239842,1209
239842,1209,239839,1206
239824,1206,239839,1206
239674,1296,239824,1296
239824,1296,239824,1286
239824,1286,239813,1286
239813,1286,239812,1286
239812,1286,239812,1281
239812,1281,239824,1281
239824,1281,239824,1271
239824,1271,239674,1271
239674,1271,239674,1281
239674,1281,239685,1281
239685,1281,239685,1286
239685,1286,239674,1286
239674,1296,239674,1286
239674,1286,239657,1286
239656,1285,239656,1273
239653,1270,239652,1270
239652,1270,239652,1204
239652,1204,239650,1204
239637,1171,239635,1171
239635,1171,239635,1162
239635,1162,239674,1162
239674,1162,239674,1281
239674,1159,239632,1159
239632,1159,239632,1193
239632,1193,239653,1289
239653,1289,239674,1289
239674,1281,239685,1281
239685,1281,239685,1286
239685,1286,239674,1286
239824,1251,239674,1251
239824,7203,239674,7203
239824,7203,239674,7203
239824,7194,239674,7194
239674,7194,239674,7183
239674,7183,239824,7183
239824,7183,239824,7194
239674,7194,239824,7194
239718,7146,239769,7146
239769,7146,239769,7148
239769,7148,239769,7148
239769,7148,239769,7158
239769,7158,239718,7158
239718,7146,239718,7158
239824,7173,239812,7173
239812,7173,239812,7168
239674,7158,239824,7158
239824,7158,239824,7168
239824,7168,239813,7168
239813,7168,239812,7168
239812,7168,239812,7173
239812,7173,239824,7173
239824,7173,239824,7183
239824,7183,239674,7183
239674,7183,239674,7173
239674,7173,239685,7173
239685,7173,239685,7168
239685,7168,239674,7168
239674,7158,239674,7168
239674,7168,239657,7168
239656,7169,239656,7181
239653,7184,239652,7184
239652,7184,239652,7250
239652,7250,239650,7250
239637,7283,239635,7283
239635,7283,239635,7293
239635,7293,239674,7293
239674,7293,239674,7173
239674,7296,239632,7296
239632,7296,239632,7262
239632,7262,239653,7165
239653,7165,239674,7165
239674,7173,239685,7173
239685,7173,239685,7168
239685,7168,239674,7168
239824,7203,239674,7203
239824,7194,239824,7203
197124,43616,197324,43616
200724,32391,200724,32491
195444,15816,195444,21651
197374,15696,195424,15696
194724,29491,197124,29491
196524,35396,194824,35396
197124,38558,194724,38558
232674,10451,231824,10451
231894,39456,231894,34716
231894,40776,231894,40456
231894,43533,231894,41776
230324,43413,231774,43413
230924,34836,231774,34836
230774,40676,231774,40676
230774,40556,231774,40556
230324,45319,231774,45319
231894,45199,231894,45419
231894,46419,231894,48016
234719,27091,239779,27091
236199,25266,239254,25266
234719,27091,234719,26991
234719,25991,234719,25266
239779,32106,233674,32106
194844,40746,196674,40746
197124,32503,194824,32503
197124,32383,194824,32383
231824,17546,232694,17546
232694,22466,232694,17546
217021,25751,217021,25051
218927,25751,218927,25051
195424,14296,195324,14296
234699,28148,234699,28198
234699,28198,234704,28198
234704,28198,234704,28148
234699,28148,234704,28148
234739,28161,234739,28084
234739,28084,234759,28084
234759,28084,234759,28184
234759,28186,234704,28186
234704,28161,234739,28161
234589,28081,234589,28181
234589,28182,234644,28186
234644,28161,234609,28161
234649,28148,234649,28198
234649,28198,234644,28198
234644,28198,234644,28148
234649,28148,234644,28148
234699,28271,234699,28271
234699,28271,234699,28271
234699,28271,234649,28271
234649,28271,234649,27351
234649,27351,234699,27351
234699,27351,234699,28271
234609,28161,234609,28084
234609,28084,234589,28081
234699,27341,234699,27341
234699,27341,234699,27341
234699,27341,234699,27351
234699,27351,234639,27351
234639,27351,234639,27361
234639,27361,234599,27361
234599,27361,234599,27311
234599,27311,234699,27311
234699,27311,234699,27341
234699,28281,234699,28281
234699,28281,234699,28281
234699,28281,234699,28271
234699,28271,234640,28271
234640,28271,234640,28261
234640,28261,234599,28261
234599,28261,234599,28311
234599,28311,234699,28311
234699,28311,234699,28281
239674,1250,239824,1250
239824,1250,239824,-227
239824,-227,239674,-227
239674,1250,239674,-227
194728,36916,194824,36916
194728,33903,194825,33903
194724,30983,194824,30983
211874,7531,211724,7531
211724,7531,211724,8081
211724,8081,212924,8081
212924,8081,212924,7531
212924,7531,212774,7531
226924,8081,226924,7531
226924,7531,227474,7531
211724,7531,211724,8081
211824,7631,211824,8081
212824,7631,212824,8081
211874,7531,211874,7631
212774,7531,212774,7631
211824,7631,211874,7631
212774,7631,212824,7631
225874,7531,225724,7531
225724,7531,225724,8081
225724,8081,226924,8081
226924,8081,226924,7531
226924,7531,226774,7531
225724,7531,225724,8081
225824,7631,225824,8081
225874,7531,225874,7631
226824,7631,226824,8081
226774,7531,226774,7631
225824,7631,225874,7631
226774,7631,226824,7631
227474,7531,227474,8081
187012,42708,187044,42716
187044,42731,186980,42746
186980,42762,187044,42776
187044,42792,186980,42807
186980,42822,187044,42837
187044,42853,186980,42868
186980,42883,187044,42898
187044,42914,186980,42929
186980,42944,187044,42959
187044,42975,186980,42989
186980,43005,187044,43020
187044,43035,186980,43050
186980,43066,187012,43073
187012,43073,187012,43285
187012,43285,187023,43208
187023,43208,187012,43221
187012,43285,187001,43208
187001,43208,187012,43221
187012,42739,187044,42731
187044,42716,186980,42701
186980,42685,187044,42670
187044,42655,186980,42640
186980,42624,187044,42609
187044,42594,186980,42579
186980,42563,187044,42549
187044,42533,186980,42518
186980,42503,187044,42488
187044,42472,186980,42457
186980,42442,187044,42427
187012,42130,187044,42122
187044,42107,186980,42092
186980,42076,187044,42062
187044,42046,186980,42031
186980,42016,187044,42001
187044,41985,186980,41970
186980,41955,187044,41940
187044,41924,186980,41909
187012,42099,187044,42107
187044,42122,186980,42137
186980,42153,187044,42168
187044,42183,186980,42198
186980,42214,187044,42229
187044,42244,186980,42259
186980,42275,187044,42289
187044,42305,186980,42320
186980,42335,187044,42350
187044,42366,186980,42381
186980,42396,187044,42411
186980,41422,187044,41437
187012,41734,187044,41742
187044,41757,186980,41772
186980,41788,187044,41802
187044,41818,186980,41833
186980,41848,187044,41863
187044,41879,186980,41894
186980,41909,187044,41924
187044,41940,186980,41955
187012,41765,187044,41757
187044,41742,186980,41727
186980,41711,187044,41696
187044,41681,186980,41666
186980,41650,187044,41635
187044,41620,186980,41605
186980,41589,187044,41575
187044,41559,186980,41544
186980,41529,187044,41514
187044,41498,186980,41483
186980,41468,187044,41453
186980,41468,187044,41453
187044,41270,186980,41285
186980,41301,187044,41315
187044,41331,186980,41346
186980,41362,187044,41376
187044,41392,186980,41407
186980,41422,187044,41437
186980,41102,187044,41088
187044,41255,186980,41240
186980,41224,187044,41209
187044,41194,186980,41179
186980,41163,187044,41148
187044,41133,186980,41118
186980,41102,187044,41088
187021,45472,187052,45464
187052,45449,186989,45434
186989,45418,187052,45403
187052,45388,186989,45373
186989,45357,187052,45342
187052,45327,186989,45312
186989,45296,187052,45281
187052,45266,186989,45251
186989,45235,187052,45221
187052,45205,186989,45190
186989,45175,187052,45160
187052,45144,186989,45129
186989,45114,187021,45106
187021,45106,187021,44895
187021,44895,187032,44972
187032,44972,187021,44958
187021,44895,187009,44972
187009,44972,187021,44958
187021,45441,187052,45449
187052,45464,186989,45479
186989,45495,187052,45509
187052,45525,186989,45540
186989,45555,187052,45570
187052,45586,186989,45601
186989,45616,187052,45631
187052,45647,186989,45662
186989,45677,187052,45692
187052,45708,186989,45722
186989,45738,187052,45753
187021,46050,187052,46057
187052,46073,186989,46088
186989,46103,187052,46118
187052,46134,186989,46149
186989,46164,187052,46179
187052,46195,186989,46209
186989,46225,187052,46240
187052,46255,186989,46270
187021,46080,187052,46073
187052,46057,186989,46042
186989,46027,187052,46012
187052,45996,186989,45982
186989,45966,187052,45951
187052,45936,186989,45921
186989,45905,187052,45890
187052,45875,186989,45860
186989,45844,187052,45829
187052,45814,186989,45799
186989,45783,187052,45768
186989,46757,187052,46742
187021,46445,187052,46438
187052,46422,186989,46408
186989,46392,187052,46377
187052,46362,186989,46347
186989,46331,187052,46316
187052,46301,186989,46286
186989,46270,187052,46255
187052,46240,186989,46225
187021,46415,187052,46422
187052,46438,186989,46453
186989,46469,187052,46483
187052,46499,186989,46514
186989,46529,187052,46544
187052,46560,186989,46575
186989,46590,187052,46605
187052,46621,186989,46636
186989,46651,187052,46666
187052,46682,186989,46696
186989,46712,187052,46727
186989,46712,187052,46727
187052,46909,186989,46895
186989,46879,187052,46864
187052,46849,186989,46834
186989,46818,187052,46803
187052,46788,186989,46773
186989,46757,187052,46742
186989,47077,187052,47092
187052,46925,186989,46940
186989,46955,187052,46970
187052,46986,186989,47001
186989,47016,187052,47031
187052,47047,186989,47062
186989,47077,187052,47092
187012,27818,187044,27826
187044,27841,186980,27856
186980,27872,187044,27886
187044,27902,186980,27917
186980,27932,187044,27947
187044,27963,186980,27978
186980,27993,187044,28008
187044,28024,186980,28039
186980,28054,187044,28069
187044,28085,186980,28099
186980,28115,187044,28130
187044,28145,186980,28160
186980,28176,187012,28183
187012,28183,187012,28395
187012,28395,187023,28318
187023,28318,187012,28331
187012,28395,187001,28318
187001,28318,187012,28331
187012,27849,187044,27841
187044,27826,186980,27811
186980,27795,187044,27780
187044,27765,186980,27750
186980,27734,187044,27719
187044,27704,186980,27689
186980,27673,187044,27659
187044,27643,186980,27628
186980,27613,187044,27598
187044,27582,186980,27567
186980,27552,187044,27537
187012,27240,187044,27232
187044,27217,186980,27202
186980,27186,187044,27172
187044,27156,186980,27141
186980,27126,187044,27111
187044,27095,186980,27080
186980,27065,187044,27050
187044,27034,186980,27019
187012,27209,187044,27217
187044,27232,186980,27247
186980,27263,187044,27278
187044,27293,186980,27308
186980,27324,187044,27339
187044,27354,186980,27369
186980,27385,187044,27399
187044,27415,186980,27430
186980,27445,187044,27460
187044,27476,186980,27491
186980,27506,187044,27521
186980,26532,187044,26547
187012,26844,187044,26852
187044,26867,186980,26882
186980,26898,187044,26912
187044,26928,186980,26943
186980,26958,187044,26973
187044,26989,186980,27004
186980,27019,187044,27034
187044,27050,186980,27065
187012,26875,187044,26867
187044,26852,186980,26837
186980,26821,187044,26806
187044,26791,186980,26776
186980,26760,187044,26745
187044,26730,186980,26715
186980,26699,187044,26685
187044,26669,186980,26654
186980,26639,187044,26624
187044,26608,186980,26593
186980,26578,187044,26563
186980,26578,187044,26563
187044,26380,186980,26395
186980,26411,187044,26425
187044,26441,186980,26456
186980,26472,187044,26486
187044,26502,186980,26517
186980,26532,187044,26547
186980,26212,187044,26198
187044,26365,186980,26350
186980,26334,187044,26319
187044,26304,186980,26289
186980,26273,187044,26258
187044,26243,186980,26228
186980,26212,187044,26198
187021,30582,187052,30574
187052,30559,186989,30544
186989,30528,187052,30513
187052,30498,186989,30483
186989,30467,187052,30452
187052,30437,186989,30422
186989,30406,187052,30391
187052,30376,186989,30361
186989,30345,187052,30331
187052,30315,186989,30300
186989,30285,187052,30270
187052,30254,186989,30239
186989,30224,187021,30216
187021,30216,187021,30005
187021,30005,187032,30082
187032,30082,187021,30068
187021,30005,187009,30082
187009,30082,187021,30068
187021,30551,187052,30559
187052,30574,186989,30589
186989,30605,187052,30619
187052,30635,186989,30650
186989,30665,187052,30680
187052,30696,186989,30711
186989,30726,187052,30741
187052,30757,186989,30772
186989,30787,187052,30802
187052,30818,186989,30832
186989,30848,187052,30863
187021,31160,187052,31167
187052,31183,186989,31198
186989,31213,187052,31228
187052,31244,186989,31259
186989,31274,187052,31289
187052,31305,186989,31319
186989,31335,187052,31350
187052,31365,186989,31380
187021,31190,187052,31183
187052,31167,186989,31152
186989,31137,187052,31122
187052,31106,186989,31092
186989,31076,187052,31061
187052,31046,186989,31031
186989,31015,187052,31000
187052,30985,186989,30970
186989,30954,187052,30939
187052,30924,186989,30909
186989,30893,187052,30878
186989,31867,187052,31852
187021,31555,187052,31548
187052,31532,186989,31518
186989,31502,187052,31487
187052,31472,186989,31457
186989,31441,187052,31426
187052,31411,186989,31396
186989,31380,187052,31365
187052,31350,186989,31335
187021,31525,187052,31532
187052,31548,186989,31563
186989,31579,187052,31593
187052,31609,186989,31624
186989,31639,187052,31654
187052,31670,186989,31685
186989,31700,187052,31715
187052,31731,186989,31746
186989,31761,187052,31776
187052,31792,186989,31806
186989,31822,187052,31837
186989,31822,187052,31837
187052,32019,186989,32005
186989,31989,187052,31974
187052,31959,186989,31944
186989,31928,187052,31913
187052,31898,186989,31883
186989,31867,187052,31852
186989,32187,187052,32202
187052,32035,186989,32050
186989,32065,187052,32080
187052,32096,186989,32111
186989,32126,187052,32141
187052,32157,186989,32172
186989,32187,187052,32202
246343,4674,246375,4667
246375,4651,246312,4637
246312,4621,246375,4606
246375,4591,246312,4576
246312,4560,246375,4545
246375,4530,246312,4515
246312,4499,246375,4484
246375,4469,246312,4454
246312,4438,246375,4423
246375,4408,246312,4393
246312,4377,246375,4363
246375,4347,246312,4332
246312,4317,246343,4309
246343,4309,246343,4098
246343,4098,246355,4175
246355,4175,246343,4161
246343,4098,246332,4175
246332,4175,246343,4161
246343,4644,246375,4651
246375,4667,246312,4682
246312,4697,246375,4712
246375,4728,246312,4743
246312,4758,246375,4773
246375,4789,246312,4804
246312,4819,246375,4834
246375,4850,246312,4864
246312,4880,246375,4895
246375,4910,246312,4925
246312,4941,246375,4956
246312,5108,246375,5093
246375,5077,246312,5063
246312,5047,246375,5032
246375,5017,246312,5002
246312,4986,246375,4971
213649,25361,212569,25361
212569,25361,212569,25051
190154,-1514,189748,-1514
190154,-1634,189748,-1634
188286,2746,190268,2746
189528,2746,192974,2746
193974,2746,194294,2746
195294,2746,198524,2746
188286,2746,190268,2746
189528,2746,192974,2746
193974,2746,194294,2746
195294,2746,198524,2746
188286,2646,190268,2646
189528,2646,192974,2646
193974,2646,194294,2646
195294,2646,198524,2646
189748,-2814,189748,-1634
189628,-2814,189628,2646
189528,2646,189528,2746
188586,2646,188586,2746
194074,-1914,194074,2646
193974,2646,193974,2746
194194,-1914,194194,2646
194294,2646,194294,2746
194294,2746,194294,2646
195294,2746,195294,2646
189848,2646,189848,2746
192674,2746,192674,2646
188286,2746,188286,2646
195594,2646,195594,2746
189748,-1514,189748,2646
227924,25051,227924,25651
227924,25051,226524,25051
226524,25051,226524,25651
226524,25651,227924,25651
228124,25751,226424,25751
230324,34716,230324,33616
230824,33716,230824,33766
230824,34666,230824,34716
230924,33616,230924,33766
230924,34666,230924,34716
230824,33766,230924,33766
230824,34666,230924,34666
230324,33616,230924,33616
230324,33716,230824,33716
230924,33616,231224,33616
230324,33496,231224,33496
231224,33496,231224,33616
187286,2646,185944,2646
187286,2746,185944,2746
187286,2646,187286,2746
186986,2746,186986,2646
192974,2746,192974,2646
194824,32603,194724,32603
194724,33603,194821,33603
230324,34716,230324,33616
230824,33716,230824,33766
230824,34666,230824,34716
230924,33616,230924,33766
230924,34666,230924,34716
230824,33766,230924,33766
230824,34666,230924,34666
230324,33616,230924,33616
230324,33716,230824,33716
212824,8081,212824,7631
212924,8081,212924,7531
211824,7631,211874,7631
212774,7631,212824,7631
211724,7531,211874,7531
212774,7531,212924,7531
211874,7631,211874,7531
212774,7631,212774,7531
212774,7576,212774,7531
212774,7531,211874,7531
211874,7531,211874,7576
212774,7576,211874,7576
211724,8081,211724,7531
211824,8081,211824,7631
212924,8081,211724,8081
197324,20651,197424,20651
198324,20651,198524,20651
197224,20551,197424,20551
198324,20551,198524,20551
197424,20651,197424,20551
198324,20651,198324,20551
198324,20596,198324,20551
198324,20551,197424,20551
197424,20551,197424,20596
198324,20596,197424,20596
197224,21101,197224,20551
197324,21101,197324,20651
198524,20551,198524,21101
198524,21101,197224,21101
234699,28611,234599,28611
234699,27211,239779,27211
210879,-2179,210879,-1914
210879,-1914,211854,-1914
211854,-1914,211854,-1514
211854,-1514,212794,-1514
212794,-1514,212794,-1914
212794,-1914,213770,-1914
213770,-1914,213770,-2179
216841,7981,216841,8081
218225,-1914,218225,786
218325,-1914,218325,786
218325,786,218225,786
218225,-1914,218225,786
218325,-1914,218325,786
218325,786,218225,786
216341,7881,216641,7881
214098,7797,216241,7881
216341,7981,216841,7981
212779,6388,214098,7797
216641,7881,216641,7981
216341,7881,216341,7981
207957,6881,207957,6981
207957,7981,207957,8081
208057,7981,208057,8081
207957,6381,208457,6381
214442,4186,215129,2463
214227,4186,214947,2378
218225,1786,218225,1886
218325,1786,218325,1886
218325,1786,218225,1786
219591,3930,219495,2641
216941,7981,216941,7881
216841,7981,216941,7981
216641,7881,216941,7881
214019,7981,216341,7981
207957,6981,212736,6981
207957,6881,212219,6881
212219,6381,212419,6381
212736,6981,213836,8081
212673,6777,213977,8081
212419,6381,212744,6706
212737,6345,212779,6388
212744,6706,214019,7981
213394,2021,213394,-814
211409,-1526,211533,-1402
200962,-1314,206269,-1314
204279,-1514,203879,-1914
211745,-1414,212894,-1414
206817,-1714,211196,-1714
211745,-1314,212894,-1314
206817,-1614,211196,-1614
206269,-1414,200962,-1414
199774,-643,199865,-601
199774,6109,199865,6068
204854,-1514,204279,-1514
205794,-1514,206370,-1514
210494,2021,210394,2021
213494,2021,213494,-814
219783,4115,220574,4115
215662,2086,218897,2086
215662,1886,219964,1886
220724,3965,220724,3936
213394,-814,213494,-814
198794,-414,199674,-414
198795,5881,199674,5881
200962,6781,207075,6781
207075,6881,200962,6881
207957,7981,208057,7981
203115,7496,203115,7381
206295,7589,206295,8081
203295,7589,203295,8081
216241,7981,216241,7881
212219,6381,212219,6881
208457,6381,208457,6881
207957,6381,207957,6881
212560,6522,212737,6345
212602,6565,212779,6388
212673,6777,212744,6706
216341,7881,216241,7881
207957,6381,207575,6381
207075,6981,207575,6981
207575,6981,207575,6381
207575,6381,207075,6381
207075,6381,207075,6981
207075,6981,207957,6981
207957,7081,207957,6981
208057,7081,208057,6981
207957,7081,208057,7081
206475,7496,206475,7381
214227,4186,214442,4186
206770,-1914,206370,-1514
206605,-1526,206481,-1402
211409,-1526,211533,-1402
211479,-1597,211604,-1473
194799,31283,194799,31283
