996130,-1454166,997080,-1454166,0
997080,-1454166,997080,-1453966,0
997080,-1453966,996130,-1453966,0
994180,-1460856,995280,-1460856,0
994180,-1460956,995230,-1460956,0
994080,-1459606,994080,-1460056,0
994080,-1460056,994230,-1460056,0
994230,-1460056,994230,-1459606,0
994080,-1460856,994230,-1460856,0
996480,-1458892,996480,-1458506,0
996780,-1458892,996780,-1458406,0
996780,-1467291,996780,-1467016,0
996780,-1467016,996480,-1467016,0
996480,-1467016,996480,-1467291,0
996480,-1466016,996480,-1466216,0
989780,-1468226,992280,-1468226,0
989680,-1468426,992380,-1468426,0
989780,-1466016,990480,-1466016,0
990480,-1466016,990480,-1465816,0
990480,-1465816,989680,-1465816,0
992380,-1465816,991580,-1465816,0
991580,-1465816,991580,-1466016,0
991580,-1466016,992280,-1466016,0
992480,-1468226,993130,-1468226,0
992380,-1468426,993130,-1468426,0
992480,-1466016,993180,-1466016,0
993180,-1466016,993180,-1465816,0
993180,-1465816,992380,-1465816,0
995080,-1465816,994280,-1465816,0
994280,-1465816,994280,-1466016,0
994280,-1466016,994980,-1466016,0
995180,-1468226,995930,-1468226,0
995080,-1468426,995930,-1468426,0
995080,-1465816,996480,-1465816,0
995180,-1466016,996480,-1466016,0
1009080,-1450106,1012080,-1450106,1
1009080,-1450156,1009080,-1450106,1
1012080,-1450106,1012080,-1450156,2
1008880,-1450106,1005880,-1450106,1
1008880,-1450156,1008880,-1450106,1
1005880,-1450106,1005880,-1450156,1
1003680,-1449766,1000680,-1449766,1
1003680,-1449816,1003680,-1449766,1
1000680,-1449766,1000680,-1449816,1
997480,-1449766,1000480,-1449766,1
997480,-1449816,997480,-1449766,1
1000480,-1449766,1000480,-1449816,1
992280,-1450106,995280,-1450106,1
992280,-1450156,992280,-1450106,1
995280,-1450106,995280,-1450156,1
992080,-1450106,989080,-1450106,1
992080,-1450156,992080,-1450106,1
989080,-1450106,989080,-1450156,1
986980,-1477066,986980,-1480066,1
987030,-1477066,986980,-1477066,2
986980,-1483266,986980,-1480266,1
986680,-1484266,983780,-1484266,1
986680,-1484216,986680,-1484266,1
983780,-1484266,983780,-1484216,1
980680,-1484266,983580,-1484266,1
980680,-1484216,980680,-1484266,1
983580,-1484266,983580,-1484216,1
975480,-1484266,978480,-1484266,1
975280,-1484266,972280,-1484266,1
967080,-1484266,970080,-1484266,1
966880,-1484266,963880,-1484266,1
963880,-1484266,963880,-1484316,2
962170,-1488816,962170,-1490316,1
962120,-1488816,962170,-1488816,1
962170,-1490316,962120,-1490316,1
962170,-1495656,962170,-1493356,1
962107,-1495656,962170,-1495656,1
962170,-1493356,962107,-1493356,1
962120,-1499866,962120,-1496866,1
962070,-1499866,962120,-1499866,1
962120,-1496866,962070,-1496866,1
1006780,-1493676,1008880,-1493676,1
1006780,-1493426,1008880,-1493426,1
1008880,-1493509,1006780,-1493509,1
1008880,-1493593,1006780,-1493593,1
986980,-1484166,986980,-1483266,0
986780,-1483266,986780,-1484066,0
986780,-1480166,986780,-1480266,0
986780,-1480266,986980,-1480266,0
986980,-1480266,986980,-1480166,0
986730,-1484016,986730,-1483266,0
986730,-1480266,986730,-1480166,0
986730,-1480266,986780,-1480266,0
1008980,-1450106,1009080,-1450106,0
1009080,-1450106,1009080,-1449906,0
1009080,-1449906,1008980,-1449906,0
1013280,-1449906,1012080,-1449906,0
1012080,-1449906,1012080,-1450106,0
1012080,-1450106,1013080,-1450106,0
1008980,-1449856,1009080,-1449856,0
1009080,-1449856,1009080,-1449906,0
1012080,-1449856,1013330,-1449856,0
1012080,-1449856,1012080,-1449906,0
1014380,-1454966,1014380,-1454866,0
1014380,-1454866,1014180,-1454866,0
1014180,-1454866,1014180,-1454966,0
1014180,-1451866,1014380,-1451866,0
1014380,-1451866,1014380,-1451666,0
1014430,-1454966,1014430,-1454866,0
1014430,-1454866,1014380,-1454866,0
1014430,-1451866,1014430,-1451616,0
1014430,-1451866,1014380,-1451866,0
1014430,-1454866,1014430,-1451866,1
1014180,-1454866,1014180,-1451866,1
1014263,-1451866,1014263,-1454866,1
1014346,-1451866,1014346,-1454866,1
1014380,-1458266,1014380,-1458066,0
1014380,-1458066,1014180,-1458066,0
1014180,-1454966,1014180,-1455066,0
1014180,-1455066,1014380,-1455066,0
1014380,-1455066,1014380,-1454966,0
1014430,-1458316,1014430,-1458066,0
1014430,-1458066,1014380,-1458066,0
1014430,-1455066,1014430,-1454966,0
1014430,-1455066,1014380,-1455066,0
1013280,-1449906,1013280,-1450266,0
1013080,-1450106,1013080,-1450266,0
1013330,-1449856,1013330,-1450266,0
1013280,-1451266,1013280,-1451666,0
1013080,-1451266,1013080,-1451866,0
1013330,-1451266,1013330,-1451616,0
1014180,-1451741,1013780,-1452434,2
1014380,-1451666,1014180,-1451666,0
1014180,-1451666,1014180,-1451866,0
1013080,-1451866,1013380,-1451866,0
1013380,-1451866,1013380,-1451666,0
1013380,-1451666,1013280,-1451666,0
1014430,-1451616,1014180,-1451616,0
1014180,-1451616,1014180,-1451666,0
1013380,-1451616,1013330,-1451616,0
1013380,-1451616,1013380,-1451666,0
1003880,-1449566,1003880,-1450666,0
1003680,-1449766,1003680,-1450866,0
1003930,-1449516,1003930,-1450616,0
1005680,-1450666,1005680,-1449906,0
1005880,-1450866,1005880,-1450106,0
1005630,-1450616,1005630,-1449856,0
1003880,-1450666,1004380,-1450666,0
1003680,-1450866,1004380,-1450866,0
1003930,-1450616,1004380,-1450616,0
1005180,-1450666,1005680,-1450666,0
1005180,-1450866,1005880,-1450866,0
1005180,-1450616,1005630,-1450616,0
1009080,-1449856,1011280,-1449856,1
1009080,-1450106,1011280,-1450106,1
1011280,-1450023,1009080,-1450023,1
1011280,-1449939,1009080,-1449939,1
1005880,-1450106,1008880,-1450106,1
1005880,-1449856,1008880,-1449856,1
1008880,-1449939,1005880,-1449939,1
1008880,-1450023,1005880,-1450023,1
1005880,-1450106,1005880,-1449906,0
1005880,-1449906,1005680,-1449906,0
1008980,-1449906,1008880,-1449906,0
1008880,-1449906,1008880,-1450106,0
1008880,-1450106,1008980,-1450106,0
1005630,-1449856,1005880,-1449856,0
1005880,-1449856,1005880,-1449906,0
1008880,-1449856,1008980,-1449856,0
1008880,-1449856,1008880,-1449906,0
1000680,-1449766,1003680,-1449766,1
1000680,-1449516,1003680,-1449516,1
1003680,-1449599,1000680,-1449599,1
1003680,-1449683,1000680,-1449683,1
997480,-1449766,997480,-1449566,0
997480,-1449566,997280,-1449566,0
1003880,-1449566,1003680,-1449566,0
1003680,-1449566,1003680,-1449766,0
1000480,-1449766,1000680,-1449766,0
1000680,-1449766,1000680,-1449566,0
1000680,-1449566,1000480,-1449566,0
1000480,-1449566,1000480,-1449766,0
997230,-1449516,997480,-1449516,0
997480,-1449516,997480,-1449566,0
1000480,-1449516,1000680,-1449516,0
1000480,-1449516,1000480,-1449566,0
1000680,-1449516,1000680,-1449566,0
1003680,-1449516,1003930,-1449516,0
1003680,-1449516,1003680,-1449566,0
997480,-1449766,1000480,-1449766,1
997480,-1449516,1000480,-1449516,1
1000480,-1449599,997480,-1449599,1
1000480,-1449683,997480,-1449683,1
997280,-1450666,997280,-1449566,0
997480,-1450866,997480,-1449766,0
997230,-1450616,997230,-1449516,0
995480,-1449906,995480,-1450666,0
995280,-1450106,995280,-1450866,0
995530,-1449856,995530,-1450616,0
996780,-1450666,997280,-1450666,0
996780,-1450866,997480,-1450866,0
996780,-1450616,997230,-1450616,0
995480,-1450666,995980,-1450666,0
995280,-1450866,995980,-1450866,0
995530,-1450616,995980,-1450616,0
995280,-1450106,992280,-1450106,1
995280,-1449856,992280,-1449856,1
992280,-1449939,995280,-1449939,1
992280,-1450023,995280,-1450023,1
992080,-1450106,989080,-1450106,1
992080,-1449856,989080,-1449856,1
989080,-1449939,992080,-1449939,1
989080,-1450023,992080,-1450023,1
995480,-1449906,995280,-1449906,0
995280,-1449906,995280,-1450106,0
988080,-1450106,989080,-1450106,0
989080,-1450106,989080,-1449906,0
989080,-1449906,987880,-1449906,0
992280,-1449906,992080,-1449906,0
992080,-1449906,992080,-1450106,0
992080,-1450106,992280,-1450106,0
992280,-1450106,992280,-1449906,0
995530,-1449856,995280,-1449856,0
995280,-1449856,995280,-1449906,0
992280,-1449856,992080,-1449856,0
992280,-1449856,992280,-1449906,0
992080,-1449856,992080,-1449906,0
989080,-1449856,987830,-1449856,0
989080,-1449856,989080,-1449906,0
987880,-1450266,987880,-1449906,0
988080,-1450266,988080,-1450106,0
987830,-1450266,987830,-1449856,0
986980,-1451741,987380,-1452434,2
986980,-1451866,986980,-1451666,0
986980,-1451666,986780,-1451666,0
987880,-1451666,987780,-1451666,0
987780,-1451666,987780,-1451866,0
987780,-1451866,988080,-1451866,0
986730,-1451616,986980,-1451616,0
986980,-1451616,986980,-1451666,0
987780,-1451616,987830,-1451616,0
987780,-1451616,987780,-1451666,0
988080,-1451266,988080,-1451866,0
987880,-1451266,987880,-1451666,0
987830,-1451266,987830,-1451616,0
986980,-1480166,986980,-1480066,0
986980,-1480066,986780,-1480066,0
986780,-1480066,986780,-1480166,0
986780,-1476866,986780,-1477066,0
986780,-1477066,986980,-1477066,0
986730,-1480166,986730,-1480066,0
986730,-1480066,986780,-1480066,0
986730,-1477066,986730,-1476816,0
986730,-1477066,986780,-1477066,0
986780,-1484766,986780,-1484266,0
986980,-1484566,986980,-1484166,0
986730,-1484766,986730,-1484266,0
987480,-1484766,986780,-1484766,0
987480,-1484566,986980,-1484566,0
986980,-1483266,986980,-1480266,1
986730,-1483266,986730,-1480266,1
986813,-1480266,986813,-1483266,1
986896,-1480266,986896,-1483266,1
986980,-1474866,986980,-1474666,0
986980,-1474666,986780,-1474666,0
986780,-1474666,986780,-1475066,0
986780,-1468426,986780,-1468666,0
986780,-1468666,986980,-1468666,0
986980,-1468666,986980,-1468426,0
986980,-1471766,986980,-1471566,0
986980,-1471566,986780,-1471566,0
986780,-1471566,986780,-1471766,0
986780,-1471766,986980,-1471766,0
986730,-1475116,986730,-1474666,0
986730,-1474666,986780,-1474666,0
986730,-1471766,986730,-1471566,0
986730,-1471766,986780,-1471766,0
986730,-1471566,986780,-1471566,0
986730,-1468666,986730,-1468326,0
986730,-1468666,986780,-1468666,0
986980,-1477066,986980,-1476866,0
986980,-1476866,986780,-1476866,0
987880,-1476866,987780,-1476866,0
987780,-1476866,987780,-1477066,0
987780,-1477066,988080,-1477066,0
986730,-1476816,986980,-1476816,0
986980,-1476816,986980,-1476866,0
987780,-1476816,987830,-1476816,0
987780,-1476816,987780,-1476866,0
987880,-1476866,987880,-1476466,0
988080,-1477066,988080,-1476466,0
987830,-1476816,987830,-1476466,0
986980,-1480066,986980,-1477066,1
986730,-1480066,986730,-1477066,1
986813,-1477066,986813,-1480066,1
986896,-1477066,986896,-1480066,1
986980,-1474866,988080,-1474866,0
986780,-1475066,987880,-1475066,0
986730,-1475116,987830,-1475116,0
988080,-1474866,988080,-1475466,0
987880,-1475066,987880,-1475466,0
987830,-1475116,987830,-1475466,0
961920,-1488816,961920,-1490316,1
962170,-1488816,962170,-1490316,1
962086,-1490316,962086,-1488816,1
962003,-1490316,962003,-1488816,1
983780,-1484016,986680,-1484016,1
983780,-1484266,986680,-1484266,1
986680,-1484183,983780,-1484183,1
986680,-1484099,983780,-1484099,1
980680,-1484016,983580,-1484016,1
980680,-1484266,983580,-1484266,1
983580,-1484183,980680,-1484183,1
983580,-1484099,980680,-1484099,1
979880,-1484266,980680,-1484266,0
980680,-1484266,980680,-1484066,0
980680,-1484066,979880,-1484066,0
986780,-1484066,986680,-1484066,0
986680,-1484066,986680,-1484266,0
986680,-1484266,986780,-1484266,0
983580,-1484266,983780,-1484266,0
983780,-1484266,983780,-1484066,0
983780,-1484066,983580,-1484066,0
983580,-1484066,983580,-1484266,0
979580,-1484016,980680,-1484016,0
980680,-1484016,980680,-1484066,0
983580,-1484016,983780,-1484016,0
983580,-1484016,983580,-1484066,0
983780,-1484016,983780,-1484066,0
986680,-1484016,986730,-1484016,0
986680,-1484016,986680,-1484066,0
972280,-1484266,975280,-1484266,1
972280,-1484016,975280,-1484016,1
975280,-1484099,972280,-1484099,1
975280,-1484183,972280,-1484183,1
975480,-1484266,978480,-1484266,1
975480,-1484016,978480,-1484016,1
978480,-1484099,975480,-1484099,1
978480,-1484183,975480,-1484183,1
971480,-1484266,972280,-1484266,0
972280,-1484266,972280,-1484066,0
972280,-1484066,971480,-1484066,0
979280,-1484066,978480,-1484066,0
978480,-1484066,978480,-1484266,0
978480,-1484266,979280,-1484266,0
975280,-1484266,975480,-1484266,0
975480,-1484266,975480,-1484066,0
975480,-1484066,975280,-1484066,0
975280,-1484066,975280,-1484266,0
971180,-1484016,972280,-1484016,0
972280,-1484016,972280,-1484066,0
975280,-1484016,975480,-1484016,0
975280,-1484016,975280,-1484066,0
975480,-1484016,975480,-1484066,0
978480,-1484016,979580,-1484016,0
978480,-1484016,978480,-1484066,0
961920,-1484066,962480,-1484066,0
962120,-1484266,962480,-1484266,0
961920,-1484016,962780,-1484016,0
970080,-1484266,967080,-1484266,1
970080,-1484016,967080,-1484016,1
967080,-1484099,970080,-1484099,1
967080,-1484183,970080,-1484183,1
966880,-1484266,963880,-1484266,1
966880,-1484016,963880,-1484016,1
963880,-1484099,966880,-1484099,1
963880,-1484183,966880,-1484183,1
963080,-1484266,963880,-1484266,0
963880,-1484266,963880,-1484066,0
963880,-1484066,963080,-1484066,0
970880,-1484066,970080,-1484066,0
970080,-1484066,970080,-1484266,0
970080,-1484266,970880,-1484266,0
966880,-1484266,967080,-1484266,0
967080,-1484266,967080,-1484066,0
967080,-1484066,966880,-1484066,0
966880,-1484066,966880,-1484266,0
962780,-1484016,963880,-1484016,0
963880,-1484016,963880,-1484066,0
966880,-1484016,967080,-1484016,0
966880,-1484016,966880,-1484066,0
967080,-1484016,967080,-1484066,0
970080,-1484016,971180,-1484016,0
970080,-1484016,970080,-1484066,0
961920,-1495656,961920,-1493356,1
962170,-1495656,962170,-1493356,1
962086,-1493356,962086,-1495656,1
962003,-1493356,962003,-1495656,1
961870,-1499866,961870,-1496866,1
962120,-1499866,962120,-1496866,1
962036,-1496866,962036,-1499866,1
961953,-1496866,961953,-1499866,1
966200,-1495656,965900,-1495656,0
965900,-1495656,965900,-1495956,0
965900,-1495956,966200,-1495956,0
961920,-1495956,964900,-1495956,0
964900,-1495956,964900,-1495656,0
964900,-1495656,962170,-1495656,0
963570,-1492516,962170,-1492516,0
963570,-1492316,962170,-1492316,0
963557,-1490416,962170,-1490416,0
963570,-1490316,962170,-1490316,0
966100,-1492516,963570,-1492516,0
966100,-1492316,963570,-1492316,0
966300,-1495956,966200,-1495956,0
966300,-1495656,966200,-1495656,0
966300,-1495956,966300,-1495656,0
962170,-1495656,961920,-1495656,0
961920,-1495656,961920,-1495956,0
961920,-1492416,961920,-1493356,0
961920,-1493356,962170,-1493356,0
962170,-1493356,962170,-1492516,0
964269,-1489166,964269,-1486966,0
964369,-1489116,964369,-1486966,0
964319,-1490416,963582,-1490416,0
964269,-1490316,963570,-1490316,0
966300,-1490366,966300,-1492416,0
966100,-1490366,966100,-1492416,0
965855,-1491244,965900,-1491244,2
965900,-1490366,965855,-1490366,2
965900,-1490366,965900,-1491244,2
965855,-1490366,965855,-1491244,2
966100,-1490316,965900,-1490316,0
965900,-1490316,965900,-1490416,0
965900,-1490416,966100,-1490416,0
964319,-1490416,965000,-1490416,0
965000,-1490416,965000,-1490316,0
965000,-1490316,964369,-1490316,0
961920,-1486766,961920,-1484066,0
962120,-1486766,962120,-1484266,0
966100,-1486966,966100,-1487966,0
966100,-1487966,966300,-1487966,0
966300,-1487966,966300,-1486966,0
966300,-1489166,966300,-1488666,0
966300,-1488666,966100,-1488666,0
966100,-1488666,966100,-1489166,0
966100,-1489216,964369,-1489216,0
966100,-1489116,964369,-1489116,0
964319,-1486966,962170,-1486966,0
964319,-1486766,961920,-1486766,0
966300,-1486966,964319,-1486966,0
966300,-1486766,964319,-1486766,0
966300,-1486966,966300,-1486766,0
961920,-1492416,961920,-1490366,0
962170,-1492316,962170,-1490366,0
963442,-1490171,963442,-1490216,2
964319,-1490216,964319,-1490171,2
964319,-1490216,963442,-1490216,2
964319,-1490171,963442,-1490171,2
964369,-1490316,964369,-1490216,0
964369,-1490216,964269,-1490216,0
964269,-1490216,964269,-1490316,0
964269,-1489166,964269,-1489316,0
964269,-1489316,964369,-1489316,0
964369,-1489316,964369,-1489216,0
962170,-1490366,962170,-1490316,0
962170,-1490316,961920,-1490316,0
961920,-1490316,961920,-1490366,0
961920,-1486766,961920,-1488816,0
961920,-1488816,962170,-1488816,0
962170,-1488816,962170,-1486966,0
965322,-1489361,965322,-1489316,2
966200,-1489316,966200,-1489361,2
966200,-1489316,965322,-1489316,2
966200,-1489361,965322,-1489361,2
966100,-1489166,966100,-1489316,0
966100,-1489316,966300,-1489316,0
966300,-1489316,966300,-1489166,0
966300,-1490366,966300,-1490216,0
966300,-1490216,966100,-1490216,0
966100,-1490216,966100,-1490366,0
982650,-1495656,981850,-1495656,0
981850,-1495656,981850,-1495956,0
981850,-1495956,982900,-1495956,0
980340,-1495956,981050,-1495956,0
981050,-1495956,981050,-1495656,0
981050,-1495656,980440,-1495656,0
981490,-1486766,982900,-1486766,0
981490,-1486966,982650,-1486966,0
981540,-1486966,981540,-1487416,0
981440,-1486966,981440,-1487316,0
976460,-1486966,976460,-1486766,0
980340,-1486766,979310,-1486766,0
979310,-1486766,979310,-1486966,0
979310,-1486966,980190,-1486966,0
976210,-1495656,975930,-1495656,0
975930,-1495656,975930,-1495956,0
975930,-1495956,976310,-1495956,0
973800,-1495956,974330,-1495956,0
974330,-1495956,974330,-1495656,0
974330,-1495656,974000,-1495656,0
968800,-1488016,968200,-1488016,0
968750,-1487916,968200,-1487916,0
981540,-1487416,980440,-1487416,0
981440,-1487316,980440,-1487316,0
967950,-1486766,968800,-1486766,0
968200,-1486966,968800,-1486966,0
968750,-1487916,968750,-1486966,0
968850,-1487916,968850,-1486966,0
967950,-1487966,967950,-1488066,0
967950,-1488066,968200,-1488066,0
968200,-1488066,968200,-1487966,0
968200,-1489566,968200,-1488866,0
968200,-1488866,967950,-1488866,0
967950,-1488866,967950,-1489666,0
970700,-1488016,968800,-1488016,0
970700,-1487916,968850,-1487916,0
974000,-1489156,974000,-1488266,0
974000,-1488266,973750,-1488266,0
973750,-1488266,973750,-1489156,0
973750,-1486966,973750,-1487166,0
973750,-1487166,974000,-1487166,0
974000,-1487166,974000,-1486966,0
976460,-1489156,976460,-1488266,0
976460,-1488266,976210,-1488266,0
976210,-1488266,976210,-1489156,0
976210,-1486966,976210,-1487166,0
976210,-1487166,976460,-1487166,0
976460,-1487166,976460,-1486966,0
980440,-1489456,982650,-1489456,0
980440,-1489656,982650,-1489656,0
982900,-1489556,982900,-1489716,0
982650,-1489656,982650,-1489716,0
982900,-1492312,982900,-1494956,0
982650,-1492356,982650,-1494856,0
980440,-1492156,980440,-1491456,0
980440,-1491456,980190,-1491456,0
980190,-1491456,980190,-1492256,0
980190,-1489556,980190,-1490356,0
980190,-1490356,980440,-1490356,0
980440,-1490356,980440,-1489656,0
982900,-1494956,982900,-1495956,0
982650,-1495056,982650,-1495656,0
980440,-1494856,980440,-1494156,0
980440,-1494156,980190,-1494156,0
980190,-1494156,980190,-1494956,0
980190,-1492256,980190,-1493056,0
980190,-1493056,980440,-1493056,0
980440,-1493056,980440,-1492356,0
973750,-1489556,973750,-1489156,0
974000,-1489456,974000,-1489156,0
976210,-1489456,976210,-1489156,0
976460,-1489556,976460,-1489156,0
973750,-1492256,973750,-1489556,0
974000,-1492156,974000,-1489656,0
976460,-1492256,976460,-1491456,0
976460,-1491456,976210,-1491456,0
976210,-1491456,976210,-1492156,0
976210,-1489656,976210,-1490356,0
976210,-1490356,976460,-1490356,0
976460,-1490356,976460,-1489556,0
973750,-1494956,973750,-1492256,0
974000,-1494856,974000,-1492356,0
976460,-1494956,976460,-1494156,0
976460,-1494156,976210,-1494156,0
976210,-1494156,976210,-1494856,0
976210,-1492356,976210,-1493056,0
976210,-1493056,976460,-1493056,0
976460,-1493056,976460,-1492256,0
973750,-1495186,973750,-1494956,0
974000,-1495186,974000,-1495056,0
976210,-1495656,976210,-1495056,0
976460,-1495656,976460,-1494956,0
976210,-1489206,974000,-1489206,0
976210,-1489106,974000,-1489106,0
980190,-1495656,980190,-1494956,0
980440,-1495656,980440,-1495056,0
969450,-1495956,967950,-1495956,0
969450,-1495656,968200,-1495656,0
969400,-1495236,968200,-1495236,0
969450,-1495136,968200,-1495136,0
969500,-1495236,969500,-1495656,0
969400,-1495236,969400,-1495656,0
972350,-1495956,970850,-1495956,0
972350,-1495656,970950,-1495656,0
972300,-1495236,970950,-1495236,0
972350,-1495136,970950,-1495136,0
972400,-1495236,972400,-1495656,0
972300,-1495236,972300,-1495656,0
973800,-1486766,976310,-1486766,0
974000,-1486966,976210,-1486966,0
973800,-1495956,972350,-1495956,0
973750,-1495656,972350,-1495656,0
973750,-1495656,973750,-1495186,0
974000,-1495656,974000,-1495186,0
968200,-1489766,968200,-1491966,0
967950,-1489666,967950,-1492066,0
967950,-1492066,967950,-1493886,0
967950,-1493886,968200,-1493886,0
968200,-1493886,968200,-1492166,0
968200,-1495186,968200,-1494986,0
968200,-1494986,967950,-1494986,0
967950,-1494986,967950,-1495186,0
970700,-1495656,970700,-1495186,0
970950,-1495656,970950,-1495186,0
968200,-1495186,968200,-1495656,0
967950,-1495186,967950,-1495956,0
973750,-1495236,972400,-1495236,0
973750,-1495136,972350,-1495136,0
968800,-1486966,969380,-1486966,0
969380,-1486966,969380,-1486766,0
969380,-1486766,968800,-1486766,0
970850,-1486766,970180,-1486766,0
970180,-1486766,970180,-1486966,0
970180,-1486966,970700,-1486966,0
970700,-1489766,968200,-1489766,0
970700,-1489566,968200,-1489566,0
976210,-1489656,974000,-1489656,0
976210,-1489456,974000,-1489456,0
976210,-1492356,974000,-1492356,0
976210,-1492156,974000,-1492156,0
968200,-1486966,968200,-1487966,0
967950,-1486766,967950,-1487966,0
980190,-1495656,979310,-1495656,0
979310,-1495956,980340,-1495956,0
976310,-1495956,976460,-1495956,0
976460,-1495956,976460,-1495656,0
976210,-1495056,974000,-1495056,0
976210,-1494856,974000,-1494856,0
970700,-1491966,970000,-1491966,0
970000,-1491966,970000,-1492166,0
970000,-1492166,970700,-1492166,0
968200,-1492166,968900,-1492166,0
968900,-1492166,968900,-1491966,0
968900,-1491966,968200,-1491966,0
980340,-1486766,981490,-1486766,0
980440,-1486966,981490,-1486966,0
980440,-1492156,982650,-1492156,0
980440,-1492356,982650,-1492356,0
980440,-1494856,982650,-1494856,0
980440,-1495056,982650,-1495056,0
982900,-1486766,982900,-1489556,0
982650,-1486966,982650,-1489456,0
980440,-1489456,980440,-1488866,0
980440,-1488866,980190,-1488866,0
980190,-1488866,980190,-1489556,0
980190,-1487366,980190,-1488066,0
980190,-1488066,980440,-1488066,0
980440,-1488066,980440,-1487366,0
980190,-1487366,980190,-1486966,0
980440,-1487366,980440,-1486966,0
970700,-1495236,969500,-1495236,0
970700,-1495136,969450,-1495136,0
970950,-1495186,970950,-1494986,0
970950,-1494986,970700,-1494986,0
970700,-1494986,970700,-1495186,0
970700,-1492166,970700,-1493886,0
970700,-1493886,970950,-1493886,0
970950,-1493886,970950,-1492066,0
970850,-1495956,969450,-1495956,0
970700,-1495656,969450,-1495656,0
970850,-1486766,973800,-1486766,0
970950,-1486966,973750,-1486966,0
970700,-1487966,970700,-1486966,0
970950,-1487966,970950,-1486966,0
970700,-1489566,970700,-1487966,0
970950,-1489666,970950,-1487966,0
970700,-1491966,970700,-1489766,0
970950,-1492066,970950,-1489666,0
982900,-1489716,982900,-1492312,0
982650,-1489716,982650,-1492156,0
1013080,-1493426,1013080,-1493266,0
1013280,-1493626,1013280,-1493266,0
1013330,-1493676,1013330,-1493266,0
1003680,-1501066,1004280,-1501066,0
1003880,-1501266,1004280,-1501266,0
1003930,-1501316,1004280,-1501316,0
978680,-1514766,978680,-1514566,0
978680,-1514566,978480,-1514566,0
978480,-1513466,978480,-1513766,0
978480,-1513766,978680,-1513766,0
978680,-1513766,978680,-1513666,0
978730,-1514816,978730,-1514566,0
978730,-1514566,978680,-1514566,0
978730,-1513766,978730,-1513716,0
978730,-1513766,978680,-1513766,0
980240,-1502366,980240,-1502466,0
980240,-1502466,980440,-1502466,0
980440,-1502466,980440,-1502366,0
980440,-1513066,980440,-1512816,0
980440,-1512816,980240,-1512816,0
980240,-1505466,980240,-1505666,0
980240,-1505666,980440,-1505666,0
980440,-1505666,980440,-1505466,0
980440,-1505466,980240,-1505466,0
980240,-1508666,980240,-1511316,0
980240,-1511316,980440,-1511316,0
980440,-1511316,980440,-1508666,0
980440,-1508666,980240,-1508666,0
980490,-1502416,980490,-1502466,0
980490,-1502466,980440,-1502466,0
980490,-1505466,980490,-1505666,0
980490,-1505466,980440,-1505466,0
980490,-1505666,980440,-1505666,0
980490,-1508666,980490,-1511316,0
980490,-1508666,980440,-1508666,0
980490,-1511316,980440,-1511316,0
980490,-1512816,980490,-1513716,0
980490,-1512816,980440,-1512816,0
980490,-1511316,980490,-1512816,1
980240,-1511316,980240,-1512816,1
980323,-1512816,980323,-1511316,1
980406,-1512816,980406,-1511316,1
970280,-1514766,970280,-1514566,0
970280,-1514566,970080,-1514566,0
970080,-1513466,970080,-1513766,0
970080,-1513766,970280,-1513766,0
970280,-1513766,970280,-1513666,0
970330,-1514816,970330,-1514566,0
970330,-1514566,970280,-1514566,0
970330,-1513766,970330,-1513716,0
970330,-1513766,970280,-1513766,0
987080,-1468226,987730,-1468226,0
986780,-1468426,987730,-1468426,0
996480,-1461706,995280,-1461706,0
996480,-1461506,995280,-1461506,0
996480,-1458306,995980,-1458306,0
995980,-1458306,995980,-1458506,0
995980,-1458506,996480,-1458506,0
994180,-1458506,995180,-1458506,0
995180,-1458506,995180,-1458306,0
995180,-1458306,994180,-1458306,0
995180,-1458406,995980,-1458406,2
987080,-1461506,986780,-1461506,0
986780,-1461506,986780,-1461606,0
986780,-1458306,986780,-1460266,0
986780,-1460266,987080,-1460266,0
987080,-1460266,987080,-1458506,0
986730,-1461606,986730,-1461506,0
986730,-1461506,986780,-1461506,0
986730,-1460266,986730,-1458406,0
986730,-1460266,986780,-1460266,0
986846,-1460266,986846,-1461506,1
986963,-1460266,986963,-1461506,1
986730,-1461506,986730,-1460266,1
986780,-1468426,986780,-1465916,0
987080,-1468226,987080,-1466016,0
986730,-1468326,986730,-1465916,0
996480,-1465511,996480,-1465816,0
996480,-1461706,996480,-1462011,0
996480,-1462011,996780,-1462011,0
996780,-1462011,996780,-1461606,0
987080,-1465816,987080,-1465256,0
987080,-1465256,986780,-1465256,0
986780,-1465256,986780,-1465916,0
986780,-1461606,986780,-1462256,0
986780,-1462256,987080,-1462256,0
987080,-1462256,987080,-1461706,0
986730,-1465916,986730,-1465256,0
986730,-1465256,986780,-1465256,0
986730,-1462256,986730,-1461606,0
986730,-1462256,986780,-1462256,0
986730,-1465256,986730,-1462256,1
987080,-1465256,987080,-1462256,1
986963,-1462256,986963,-1465256,1
986846,-1462256,986846,-1465256,1
989780,-1466016,989780,-1468226,0
989580,-1466016,989580,-1468226,0
987080,-1466016,987780,-1466016,0
987780,-1466016,987780,-1465816,0
987780,-1465816,987080,-1465816,0
989680,-1465816,988880,-1465816,0
988880,-1465816,988880,-1466016,0
988880,-1466016,989580,-1466016,0
992480,-1466016,992480,-1468226,0
992280,-1466016,992280,-1468226,0
995180,-1466016,995180,-1468226,0
994980,-1466016,994980,-1468226,0
986980,-1458306,986980,-1458066,0
986980,-1458066,986780,-1458066,0
986780,-1458066,986780,-1458306,0
986780,-1454066,986780,-1454166,0
986780,-1454166,986980,-1454166,0
986980,-1456066,986980,-1455966,0
986980,-1455966,986780,-1455966,0
986780,-1455966,986780,-1456066,0
986780,-1456066,986980,-1456066,0
986730,-1458406,986730,-1458066,0
986730,-1458066,986780,-1458066,0
986730,-1456066,986730,-1455966,0
986730,-1456066,986780,-1456066,0
986730,-1455966,986780,-1455966,0
986730,-1454166,986730,-1454066,0
986730,-1454166,986780,-1454166,0
986730,-1455966,986730,-1454166,1
986980,-1455966,986980,-1454166,1
986896,-1454166,986896,-1455966,1
986813,-1454166,986813,-1455966,1
986730,-1458066,986730,-1456066,1
986980,-1458066,986980,-1456066,1
986896,-1456066,986896,-1458066,1
986813,-1456066,986813,-1458066,1
996480,-1458306,996480,-1455366,0
996780,-1458406,996780,-1455366,0
996480,-1455366,996780,-1455366,0
987730,-1458506,987080,-1458506,0
987730,-1458306,986780,-1458306,0
992410,-1461506,992410,-1460906,0
992660,-1461506,992660,-1460906,0
992410,-1460906,992410,-1458506,0
992660,-1460906,992660,-1458506,0
995230,-1461506,995230,-1460956,0
995330,-1461506,995330,-1460956,0
993945,-1460956,993945,-1461506,0
993845,-1460956,993845,-1461506,0
992410,-1461506,992310,-1461506,0
992310,-1461506,992310,-1461706,0
992310,-1461706,992510,-1461706,0
987080,-1461706,991110,-1461706,0
991110,-1461706,991110,-1461506,0
991110,-1461506,987080,-1461506,0
992410,-1458506,991980,-1458506,0
992510,-1458306,991980,-1458306,0
992660,-1460856,993895,-1460856,0
992660,-1460956,993845,-1460956,0
995280,-1461706,993895,-1461706,0
995280,-1461506,993895,-1461506,0
993895,-1460856,994180,-1460856,0
993945,-1460956,994180,-1460956,0
993895,-1461706,992510,-1461706,0
993895,-1461506,992660,-1461506,0
996480,-1461506,996480,-1460906,0
996780,-1461606,996780,-1460906,0
988230,-1468226,989580,-1468226,0
988230,-1468426,989680,-1468426,0
1014180,-1491666,1014180,-1491866,0
1014180,-1491866,1014380,-1491866,0
1013280,-1491866,1013380,-1491866,0
1013380,-1491866,1013380,-1491666,0
1013380,-1491666,1013080,-1491666,0
1014430,-1491916,1014180,-1491916,0
1014180,-1491916,1014180,-1491866,0
1013380,-1491916,1013330,-1491916,0
1013380,-1491916,1013380,-1491866,0
1003880,-1502366,1003880,-1502166,0
1003880,-1502166,1003680,-1502166,0
1003680,-1501066,1003680,-1501366,0
1003680,-1501366,1003880,-1501366,0
1003880,-1501366,1003880,-1501266,0
1003930,-1502416,1003930,-1502166,0
1003930,-1502166,1003880,-1502166,0
1003930,-1501366,1003930,-1501316,0
1003930,-1501366,1003880,-1501366,0
986980,-1453966,986780,-1453966,0
986780,-1453966,986780,-1454066,0
986780,-1451666,986780,-1451866,0
986780,-1451866,986980,-1451866,0
986730,-1454066,986730,-1453966,0
986730,-1453966,986780,-1453966,0
986730,-1451866,986730,-1451616,0
986730,-1451866,986780,-1451866,0
986730,-1453966,986730,-1451866,1
986980,-1453966,986980,-1451866,1
986896,-1451866,986896,-1453966,1
986813,-1451866,986813,-1453966,1
986980,-1453966,990280,-1453966,0
986980,-1454166,990480,-1454166,0
990480,-1454166,990480,-1454366,0
990480,-1454366,990680,-1454366,0
990680,-1454366,990680,-1454166,0
990680,-1455366,990680,-1455266,0
990680,-1455266,990480,-1455266,0
990480,-1455266,990480,-1455566,0
989702,-1454411,989702,-1454366,2
990580,-1454366,990580,-1454411,2
990580,-1454366,989702,-1454366,2
990580,-1454411,989702,-1454411,2
990580,-1455566,990580,-1458306,0
990480,-1455566,990480,-1458306,0
994230,-1455566,994230,-1458306,0
994130,-1455566,994130,-1458306,0
994230,-1458306,994130,-1458306,0
994180,-1455366,996480,-1455366,0
994180,-1455566,996480,-1455566,0
990680,-1455366,990530,-1455366,0
990480,-1455566,990530,-1455566,0
994180,-1458506,992660,-1458506,0
994180,-1458306,992510,-1458306,0
990280,-1453966,996130,-1453966,0
990680,-1454166,996130,-1454166,0
991980,-1458506,990530,-1458506,0
991980,-1458306,990530,-1458306,0
990530,-1458506,990130,-1458506,0
990530,-1458306,990130,-1458306,0
990130,-1458506,989080,-1458506,0
990130,-1458306,989080,-1458306,0
990530,-1455366,991980,-1455366,0
990530,-1455566,991980,-1455566,0
991980,-1455566,992530,-1455566,0
992530,-1455566,992530,-1455366,0
992530,-1455366,991980,-1455366,0
994180,-1455366,993430,-1455366,0
993430,-1455366,993430,-1455566,0
993430,-1455566,994180,-1455566,0
993385,-1456344,993430,-1456344,2
993430,-1455466,993385,-1455466,2
993430,-1455466,993430,-1456344,2
993385,-1455466,993385,-1456344,2
996480,-1459556,996280,-1459556,0
996280,-1459556,996280,-1459656,0
996280,-1459656,996480,-1459656,0
994230,-1459656,995480,-1459656,0
995480,-1459656,995480,-1459556,0
995480,-1459556,994230,-1459556,0
994230,-1458506,994230,-1459606,0
994080,-1458506,994080,-1459606,0
996480,-1459606,996480,-1459442,0
996780,-1459606,996780,-1459442,0
990180,-1458506,990180,-1458506,0
990080,-1458506,990080,-1458506,0
989080,-1458506,988230,-1458506,0
989080,-1458306,988230,-1458306,0
996480,-1468226,996480,-1467841,0
996780,-1468326,996780,-1467841,0
995280,-1460856,996480,-1460856,0
995330,-1460956,996480,-1460956,0
997507,-1459851,997507,-1459806,2
996630,-1459806,996630,-1459851,2
996630,-1459806,997507,-1459806,2
996630,-1459851,997507,-1459851,2
996780,-1460906,996780,-1460706,0
996780,-1460706,996480,-1460706,0
996480,-1460706,996480,-1460906,0
996480,-1459606,996480,-1459806,0
996480,-1459806,996780,-1459806,0
996780,-1459806,996780,-1459606,0
1014180,-1458066,1014180,-1455066,1
1014430,-1458066,1014430,-1455066,1
1014346,-1455066,1014346,-1458066,1
1014263,-1455066,1014263,-1458066,1
1014430,-1466466,1014430,-1463466,1
1014180,-1466466,1014180,-1463466,1
1014263,-1463466,1014263,-1466466,1
1014346,-1463466,1014346,-1466466,1
1014380,-1466666,1014380,-1466466,0
1014380,-1466466,1014180,-1466466,0
1014180,-1463123,1014180,-1463223,0
1014180,-1463466,1014380,-1463466,0
1014380,-1463466,1014380,-1463366,0
1014430,-1466716,1014430,-1466466,0
1014430,-1466466,1014380,-1466466,0
1014430,-1463466,1014430,-1463366,0
1014430,-1463466,1014380,-1463466,0
1014180,-1474866,1014180,-1471866,1
1014430,-1474866,1014430,-1471866,1
1014346,-1471866,1014346,-1474866,1
1014263,-1471866,1014263,-1474866,1
1014380,-1475066,1014380,-1474866,0
1014380,-1474866,1014180,-1474866,0
1014180,-1471866,1014380,-1471866,0
1014380,-1471866,1014380,-1471766,0
1014430,-1475116,1014430,-1474866,0
1014430,-1474866,1014380,-1474866,0
1014430,-1471866,1014430,-1471766,0
1014430,-1471866,1014380,-1471866,0
1014430,-1483266,1014430,-1480266,1
1014180,-1483266,1014180,-1480266,1
1014263,-1480266,1014263,-1483266,1
1014346,-1480266,1014346,-1483266,1
1014380,-1483466,1014380,-1483266,0
1014380,-1483266,1014180,-1483266,0
1014180,-1480166,1014180,-1480266,0
1014180,-1480266,1014380,-1480266,0
1014380,-1480266,1014380,-1480166,0
1014430,-1483516,1014430,-1483266,0
1014430,-1483266,1014380,-1483266,0
1014430,-1480266,1014430,-1480166,0
1014430,-1480266,1014380,-1480266,0
1005440,-1493426,1005540,-1493426,0
1005440,-1493626,1005440,-1493626,0
1005690,-1497866,1005690,-1499366,1
1005440,-1497866,1005440,-1499366,1
1005523,-1499366,1005523,-1497866,1
1005606,-1499366,1005606,-1497866,1
1005690,-1493866,1005690,-1496266,1
1005440,-1493866,1005440,-1496266,1
1005523,-1496266,1005523,-1493866,1
1005606,-1496266,1005606,-1493866,1
1005440,-1493626,1005440,-1493866,0
1005440,-1493866,1005640,-1493866,0
1005640,-1493866,1005640,-1493626,0
1005640,-1501266,1005640,-1499366,0
1005640,-1499366,1005440,-1499366,0
1005440,-1499366,1005440,-1501066,0
1005440,-1496266,1005440,-1497866,0
1005440,-1497866,1005640,-1497866,0
1005640,-1497866,1005640,-1496266,0
1005640,-1496266,1005440,-1496266,0
1005690,-1493676,1005690,-1493866,0
1005690,-1493866,1005640,-1493866,0
1005690,-1496266,1005690,-1497866,0
1005690,-1496266,1005640,-1496266,0
1005690,-1497866,1005640,-1497866,0
1005690,-1499366,1005690,-1501316,0
1005690,-1499366,1005640,-1499366,0
1000680,-1502416,1003680,-1502416,1
1000680,-1502166,1003680,-1502166,1
1003680,-1502249,1000680,-1502249,1
1003680,-1502333,1000680,-1502333,1
1000580,-1502366,1000680,-1502366,0
1000680,-1502366,1000680,-1502166,0
1000680,-1502166,1000580,-1502166,0
1003680,-1502166,1003680,-1502366,0
1003680,-1502366,1003880,-1502366,0
1000580,-1502416,1000680,-1502416,0
1000680,-1502416,1000680,-1502366,0
1003680,-1502416,1003930,-1502416,0
1003680,-1502416,1003680,-1502366,0
966880,-1514566,963880,-1514566,1
966880,-1514816,963880,-1514816,1
963880,-1514733,966880,-1514733,1
963880,-1514649,966880,-1514649,1
966980,-1514566,966880,-1514566,0
966880,-1514566,966880,-1514766,0
966880,-1514766,966980,-1514766,0
963680,-1514766,963880,-1514766,0
963880,-1514766,963880,-1514566,0
966980,-1514816,966880,-1514816,0
966880,-1514816,966880,-1514766,0
963880,-1514816,963630,-1514816,0
963880,-1514816,963880,-1514766,0
975480,-1514566,978480,-1514566,1
975480,-1514816,978480,-1514816,1
978480,-1514733,975480,-1514733,1
978480,-1514649,975480,-1514649,1
975380,-1514766,975480,-1514766,0
975480,-1514766,975480,-1514566,0
975480,-1514566,975380,-1514566,0
978480,-1514566,978480,-1514766,0
978480,-1514766,978680,-1514766,0
975380,-1514816,975480,-1514816,0
975480,-1514816,975480,-1514766,0
978480,-1514816,978730,-1514816,0
978480,-1514816,978480,-1514766,0
1014380,-1460066,1014180,-1460066,0
1014180,-1460066,1014180,-1460266,0
1013080,-1460266,1013380,-1460266,0
1013380,-1460266,1013380,-1460066,0
1013380,-1460066,1013280,-1460066,0
1014430,-1460016,1014180,-1460016,0
1014180,-1460016,1014180,-1460066,0
1013380,-1460016,1013330,-1460016,0
1013380,-1460016,1013380,-1460066,0
1014380,-1458266,1013280,-1458266,0
1014180,-1458066,1013080,-1458066,0
1014430,-1458316,1013330,-1458316,0
1013080,-1458666,1013080,-1458066,0
1013280,-1458666,1013280,-1458266,0
1013330,-1458666,1013330,-1458316,0
1013280,-1459666,1013280,-1460066,0
1013080,-1459666,1013080,-1460266,0
1013330,-1459666,1013330,-1460016,0
1014380,-1468466,1014180,-1468466,0
1014180,-1468466,1014180,-1468666,0
1013080,-1468666,1013380,-1468666,0
1013380,-1468666,1013380,-1468466,0
1013380,-1468466,1013280,-1468466,0
1014430,-1468416,1014180,-1468416,0
1014180,-1468416,1014180,-1468466,0
1013380,-1468416,1013330,-1468416,0
1013380,-1468416,1013380,-1468466,0
1014380,-1466666,1013280,-1466666,0
1014430,-1466716,1013330,-1466716,0
1013080,-1467066,1013080,-1466466,0
1013280,-1467066,1013280,-1466666,0
1013330,-1467066,1013330,-1466716,0
1013280,-1468066,1013280,-1468466,0
1013080,-1468066,1013080,-1468666,0
1013330,-1468066,1013330,-1468416,0
1014380,-1476866,1014180,-1476866,0
1014180,-1476866,1014180,-1477066,0
1013080,-1477066,1013380,-1477066,0
1013380,-1477066,1013380,-1476866,0
1013380,-1476866,1013280,-1476866,0
1014430,-1476816,1014180,-1476816,0
1014180,-1476816,1014180,-1476866,0
1013380,-1476816,1013330,-1476816,0
1013380,-1476816,1013380,-1476866,0
1014380,-1475066,1013280,-1475066,0
1014180,-1474866,1013080,-1474866,0
1014430,-1475116,1013330,-1475116,0
1013080,-1475466,1013080,-1474866,0
1013280,-1475466,1013280,-1475066,0
1013330,-1475466,1013330,-1475116,0
1013280,-1476466,1013280,-1476866,0
1013080,-1476466,1013080,-1477066,0
1013330,-1476466,1013330,-1476816,0
1014380,-1485266,1014180,-1485266,0
1014180,-1485266,1014180,-1485466,0
1013080,-1485466,1013380,-1485466,0
1013380,-1485466,1013380,-1485266,0
1013380,-1485266,1013280,-1485266,0
1014430,-1485216,1014180,-1485216,0
1014180,-1485216,1014180,-1485266,0
1013380,-1485216,1013330,-1485216,0
1013380,-1485216,1013380,-1485266,0
1013280,-1484866,1013280,-1485266,0
1013080,-1484866,1013080,-1485466,0
1013330,-1484866,1013330,-1485216,0
1014380,-1483466,1013280,-1483466,0
1014180,-1483266,1013080,-1483266,0
1014430,-1483516,1013330,-1483516,0
1013080,-1483866,1013080,-1483266,0
1013280,-1483866,1013280,-1483466,0
1013330,-1483866,1013330,-1483516,0
1014180,-1491666,1014180,-1488666,1
1014430,-1491666,1014430,-1488666,1
1014346,-1488666,1014346,-1491666,1
1014263,-1488666,1014263,-1491666,1
1014180,-1488466,1014180,-1485466,1
1014430,-1488466,1014430,-1485466,1
1014346,-1485466,1014346,-1488466,1
1014263,-1485466,1014263,-1488466,1
1014380,-1491866,1014380,-1491666,0
1014380,-1491666,1014180,-1491666,0
1014180,-1485466,1014380,-1485466,0
1014380,-1485466,1014380,-1485266,0
1014380,-1488666,1014380,-1488466,0
1014380,-1488466,1014180,-1488466,0
1014180,-1488466,1014180,-1488666,0
1014180,-1488666,1014380,-1488666,0
1014430,-1491916,1014430,-1491666,0
1014430,-1491666,1014380,-1491666,0
1014430,-1488666,1014430,-1488466,0
1014430,-1488666,1014380,-1488666,0
1014430,-1488466,1014380,-1488466,0
1014430,-1485466,1014430,-1485216,0
1014430,-1485466,1014380,-1485466,0
1013080,-1492266,1013080,-1491666,0
1013280,-1492266,1013280,-1491866,0
1013330,-1492266,1013330,-1491916,0
1005280,-1501066,1005440,-1501066,0
1005280,-1501266,1005640,-1501266,0
1005280,-1501316,1005690,-1501316,0
1010380,-1493426,1011880,-1493426,1
1010380,-1493676,1011880,-1493676,1
1011880,-1493593,1010380,-1493593,1
1011880,-1493509,1010380,-1493509,1
1005640,-1493626,1006780,-1493626,0
1006780,-1493626,1006780,-1493426,0
1006780,-1493426,1005540,-1493426,0
1013080,-1493426,1011880,-1493426,0
1011880,-1493426,1011880,-1493626,0
1011880,-1493626,1013280,-1493626,0
1008880,-1493626,1010380,-1493626,0
1010380,-1493626,1010380,-1493426,0
1010380,-1493426,1008880,-1493426,0
1008880,-1493426,1008880,-1493626,0
1005690,-1493676,1006780,-1493676,0
1006780,-1493676,1006780,-1493626,0
1008880,-1493676,1010380,-1493676,0
1008880,-1493676,1008880,-1493626,0
1010380,-1493676,1010380,-1493626,0
1011880,-1493676,1013330,-1493676,0
1011880,-1493676,1011880,-1493626,0
978480,-1513466,978720,-1513466,0
978680,-1513666,978720,-1513666,0
978730,-1513716,980490,-1513716,0
972280,-1514566,975280,-1514566,1
972280,-1514816,975280,-1514816,1
975280,-1514733,972280,-1514733,1
975280,-1514649,972280,-1514649,1
972080,-1514766,972280,-1514766,0
972280,-1514766,972280,-1514566,0
975380,-1514566,975280,-1514566,0
975280,-1514566,975280,-1514766,0
975280,-1514766,975380,-1514766,0
972030,-1514816,972280,-1514816,0
972280,-1514816,972280,-1514766,0
975280,-1514816,975380,-1514816,0
975280,-1514816,975280,-1514766,0
970080,-1514566,967080,-1514566,1
970080,-1514816,967080,-1514816,1
967080,-1514733,970080,-1514733,1
967080,-1514649,970080,-1514649,1
970080,-1514566,970080,-1514766,0
970080,-1514766,970280,-1514766,0
966980,-1514766,967080,-1514766,0
967080,-1514766,967080,-1514566,0
967080,-1514566,966980,-1514566,0
970330,-1514816,970080,-1514816,0
970080,-1514816,970080,-1514766,0
967080,-1514816,966980,-1514816,0
967080,-1514816,967080,-1514766,0
970080,-1513466,970320,-1513466,0
970280,-1513666,970320,-1513666,0
970330,-1513716,970635,-1513716,0
972080,-1513666,972040,-1513666,0
972280,-1513466,972040,-1513466,0
972030,-1513716,971724,-1513716,0
972280,-1513466,972280,-1514566,0
972080,-1513666,972080,-1514766,0
972030,-1513716,972030,-1514816,0
963880,-1514566,963680,-1514566,0
963680,-1514566,963680,-1514766,0
963680,-1513666,963680,-1513766,0
963680,-1513766,963880,-1513766,0
963880,-1513766,963880,-1513466,0
963630,-1514816,963630,-1514566,0
963630,-1514566,963680,-1514566,0
963630,-1513766,963630,-1513716,0
963630,-1513766,963680,-1513766,0
963680,-1513666,963640,-1513666,0
963880,-1513466,963640,-1513466,0
963630,-1513716,961870,-1513716,0
986730,-1474666,986730,-1471766,1
986980,-1474666,986980,-1471766,1
986896,-1471766,986896,-1474666,1
986813,-1471766,986813,-1474666,1
986730,-1471566,986730,-1468666,1
986980,-1471566,986980,-1468666,1
986896,-1468666,986896,-1471566,1
986813,-1468666,986813,-1471566,1
982900,-1495906,982700,-1495906,0
995930,-1468226,996480,-1468226,0
995930,-1468426,996480,-1468426,0
993130,-1468226,994980,-1468226,0
993130,-1468426,995080,-1468426,0
1014430,-1463266,1014430,-1460266,1
1014180,-1463266,1014180,-1460266,1
1014263,-1460266,1014263,-1463266,1
1014346,-1460266,1014346,-1463266,1
1014380,-1463366,1014380,-1463266,0
1014380,-1463266,1014180,-1463266,0
1014180,-1463266,1014180,-1463366,0
1014180,-1460266,1014380,-1460266,0
1014380,-1460266,1014380,-1460066,0
1014430,-1463366,1014430,-1463266,0
1014430,-1463266,1014380,-1463266,0
1014430,-1460266,1014430,-1460016,0
1014430,-1460266,1014380,-1460266,0
1014180,-1471666,1014180,-1468666,1
1014430,-1471666,1014430,-1468666,1
1014346,-1468666,1014346,-1471666,1
1014263,-1468666,1014263,-1471666,1
1014380,-1471766,1014380,-1471666,0
1014380,-1471666,1014180,-1471666,0
1014180,-1468666,1014380,-1468666,0
1014380,-1468666,1014380,-1468466,0
1014430,-1471766,1014430,-1471666,0
1014430,-1471666,1014380,-1471666,0
1014430,-1468666,1014430,-1468416,0
1014430,-1468666,1014380,-1468666,0
1014430,-1480066,1014430,-1477066,1
1014180,-1480066,1014180,-1477066,1
1014263,-1477066,1014263,-1480066,1
1014346,-1477066,1014346,-1480066,1
1014380,-1480166,1014380,-1480066,0
1014380,-1480066,1014180,-1480066,0
1014180,-1480066,1014180,-1480166,0
1014180,-1477066,1014380,-1477066,0
1014380,-1477066,1014380,-1476866,0
1014430,-1480166,1014430,-1480066,0
1014430,-1480066,1014380,-1480066,0
1014430,-1477066,1014430,-1476816,0
1014430,-1477066,1014380,-1477066,0
961870,-1502466,961870,-1505466,1
962120,-1502466,962120,-1505466,1
962036,-1505466,962036,-1502466,1
961953,-1505466,961953,-1502466,1
961870,-1505666,961870,-1508666,1
962120,-1505666,962120,-1508666,1
962036,-1508666,962036,-1505666,1
961953,-1508666,961953,-1505666,1
961920,-1495956,961920,-1496866,0
961920,-1496866,962120,-1496866,0
962120,-1496866,962120,-1495956,0
962120,-1513066,962120,-1512816,0
962120,-1512816,961920,-1512816,0
961920,-1512816,961920,-1513066,0
961920,-1499866,961920,-1502466,0
961920,-1502466,962120,-1502466,0
962120,-1502466,962120,-1499866,0
962120,-1499866,961920,-1499866,0
961920,-1505466,961920,-1505666,0
961920,-1505666,962120,-1505666,0
962120,-1505666,962120,-1505466,0
962120,-1505466,961920,-1505466,0
961920,-1508666,961920,-1511316,0
961920,-1511316,962120,-1511316,0
962120,-1511316,962120,-1508666,0
962120,-1508666,961920,-1508666,0
961870,-1495906,961870,-1496866,0
961870,-1496866,961920,-1496866,0
961870,-1499866,961870,-1502466,0
961870,-1499866,961920,-1499866,0
961870,-1502466,961920,-1502466,0
961870,-1505466,961870,-1505666,0
961870,-1505466,961920,-1505466,0
961870,-1505666,961920,-1505666,0
961870,-1508666,961870,-1511316,0
961870,-1508666,961920,-1508666,0
961870,-1511316,961920,-1511316,0
961870,-1512816,961870,-1513716,0
961870,-1512816,961920,-1512816,0
961870,-1511316,961870,-1512816,1
962120,-1511316,962120,-1512816,1
962036,-1512816,962036,-1511316,1
961953,-1512816,961953,-1511316,1
979680,-1502166,980340,-1502166,0
979480,-1502366,980240,-1502366,0
989080,-1501066,989080,-1502166,0
988880,-1501266,988880,-1502366,0
988830,-1501316,988830,-1502416,0
988480,-1501066,989080,-1501066,0
988480,-1501266,988880,-1501266,0
988480,-1501316,988830,-1501316,0
986880,-1501066,987480,-1501066,0
987080,-1501266,987480,-1501266,0
987130,-1501316,987480,-1501316,0
987080,-1502366,987080,-1502166,0
987080,-1502166,986880,-1502166,0
986880,-1501066,986880,-1501366,0
986880,-1501366,987080,-1501366,0
987080,-1501366,987080,-1501266,0
987130,-1502416,987130,-1502166,0
987130,-1502166,987080,-1502166,0
987130,-1501366,987130,-1501316,0
987130,-1501366,987080,-1501366,0
989080,-1502166,992080,-1502166,1
989080,-1502416,992080,-1502416,1
992080,-1502333,989080,-1502333,1
992080,-1502249,989080,-1502249,1
988880,-1502366,989080,-1502366,0
989080,-1502366,989080,-1502166,0
992080,-1502166,992080,-1502366,0
992080,-1502366,992180,-1502366,0
988830,-1502416,989080,-1502416,0
989080,-1502416,989080,-1502366,0
992080,-1502416,992180,-1502416,0
992080,-1502416,992080,-1502366,0
992180,-1502366,992280,-1502366,0
992280,-1502366,992280,-1502166,0
995280,-1502166,995280,-1502366,0
995280,-1502366,995480,-1502366,0
992180,-1502416,992280,-1502416,0
992280,-1502416,992280,-1502366,0
995280,-1502416,995530,-1502416,0
995280,-1502416,995280,-1502366,0
992280,-1502166,995280,-1502166,1
992280,-1502416,995280,-1502416,1
995280,-1502333,992280,-1502333,1
995280,-1502249,992280,-1502249,1
997480,-1501066,997480,-1502166,0
997280,-1501266,997280,-1502366,0
997230,-1501316,997230,-1502416,0
996880,-1501066,997480,-1501066,0
996880,-1501266,997280,-1501266,0
996880,-1501316,997230,-1501316,0
995280,-1501066,995880,-1501066,0
995480,-1501266,995880,-1501266,0
995530,-1501316,995880,-1501316,0
995480,-1502366,995480,-1502166,0
995480,-1502166,995280,-1502166,0
995280,-1501066,995280,-1501366,0
995280,-1501366,995480,-1501366,0
995480,-1501366,995480,-1501266,0
995530,-1502416,995530,-1502166,0
995530,-1502166,995480,-1502166,0
995530,-1501366,995530,-1501316,0
995530,-1501366,995480,-1501366,0
997480,-1502416,1000480,-1502416,1
997480,-1502166,1000480,-1502166,1
1000480,-1502249,997480,-1502249,1
1000480,-1502333,997480,-1502333,1
997280,-1502366,997480,-1502366,0
997480,-1502366,997480,-1502166,0
1000580,-1502166,1000480,-1502166,0
1000480,-1502166,1000480,-1502366,0
1000480,-1502366,1000580,-1502366,0
997230,-1502416,997480,-1502416,0
997480,-1502416,997480,-1502366,0
1000480,-1502416,1000580,-1502416,0
1000480,-1502416,1000480,-1502366,0
979680,-1501666,979680,-1502166,0
979480,-1501666,979480,-1502366,0
983880,-1502416,986880,-1502416,1
983880,-1502166,986880,-1502166,1
986880,-1502249,983880,-1502249,1
986880,-1502333,983880,-1502333,1
980680,-1502416,983680,-1502416,1
980680,-1502166,983680,-1502166,1
983680,-1502249,980680,-1502249,1
983680,-1502333,980680,-1502333,1
980440,-1502366,980680,-1502366,0
980680,-1502366,980680,-1502166,0
980680,-1502166,980340,-1502166,0
986880,-1502166,986880,-1502366,0
986880,-1502366,987080,-1502366,0
983680,-1502366,983880,-1502366,0
983880,-1502366,983880,-1502166,0
983880,-1502166,983680,-1502166,0
983680,-1502166,983680,-1502366,0
980490,-1502416,980680,-1502416,0
980680,-1502416,980680,-1502366,0
983680,-1502416,983880,-1502416,0
983680,-1502416,983680,-1502366,0
983880,-1502416,983880,-1502366,0
986880,-1502416,987130,-1502416,0
986880,-1502416,986880,-1502366,0
980490,-1505666,980490,-1508666,1
980240,-1505666,980240,-1508666,1
980323,-1508666,980323,-1505666,1
980406,-1508666,980406,-1505666,1
980490,-1502466,980490,-1505466,1
980240,-1502466,980240,-1505466,1
980323,-1505466,980323,-1502466,1
980406,-1505466,980406,-1502466,1
1011010,-1449106,1011010,-1449856,0
1012410,-1449106,1011010,-1449106,0
1012410,-1449106,1012410,-1449666,0
968200,-1488066,968200,-1488866,2
967950,-1488066,967950,-1488866,2
980440,-1488066,980440,-1488866,2
980190,-1488066,980190,-1488866,2
995480,-1459656,996280,-1459656,2
995480,-1459556,996280,-1459556,2
994230,-1460056,994230,-1460856,2
994080,-1460056,994080,-1460856,2
966100,-1492866,966300,-1492866,2
966100,-1491966,966300,-1491966,0
996030,-1449096,996030,-1448766,2
995530,-1449096,995530,-1448366,2
999280,-1448766,996030,-1448766,2
999280,-1448366,995530,-1448366,2
996660,-1449746,998980,-1449746,2
996660,-1449496,999300,-1449496,2
999300,-1450266,999300,-1449496,2
998980,-1450266,998980,-1449746,2
963850,-1484016,963850,-1483296,0
963810,-1484016,963810,-1483336,0
1012110,-1449906,1012110,-1449696,0
1012110,-1449696,1015150,-1449696,0
1015150,-1449696,1015150,-1451836,0
1015150,-1451836,1014380,-1451836,0
1011280,-1449506,1012080,-1449506,0
1011280,-1449806,1012080,-1449806,0
1012080,-1449506,1012080,-1450706,0
1011280,-1449506,1011280,-1450706,0
1011280,-1450706,1012080,-1450706,0
1011280,-1450406,1012080,-1450406,0
1011280,-1450106,1012080,-1450106,0
995180,-1458506,995980,-1458506,2
995180,-1458306,995980,-1458306,2
996380,-1458306,996480,-1458306,0
996380,-1458306,996480,-1458306,0
1006750,-1493626,1006750,-1493836,0
1006750,-1493836,1005640,-1493836,0
1006780,-1493626,1006780,-1493866,0
1006780,-1493866,1005640,-1493866,0
961870,-1484036,961870,-1484016,0
1011280,-1449856,1011280,-1450106,2
1013080,-1449906,1015110,-1449906,0
1015110,-1449906,1015110,-1451796,0
1015110,-1451796,1014380,-1451796,0
1012080,-1449906,1012080,-1449666,0
1012080,-1449666,1015180,-1449666,0
1015180,-1449666,1015180,-1451866,0
1015180,-1451866,1014380,-1451866,0
1014180,-1451866,1013380,-1451866,2
1014180,-1451666,1013380,-1451666,2
1013330,-1450216,1013530,-1450216,0
1013530,-1450216,1013530,-1451316,0
1013530,-1451316,1013330,-1451316,0
1013330,-1450216,1013330,-1449856,0
1013080,-1449856,1013330,-1449856,0
1009030,-1449506,1008930,-1449506,0
1009030,-1449856,1009030,-1449506,0
1008930,-1449856,1008930,-1449506,0
1003750,-1449566,1003750,-1448836,0
1003750,-1448836,1005810,-1448836,0
1005810,-1448836,1005810,-1449906,0
1003710,-1449566,1003710,-1448796,0
1003710,-1448796,1005850,-1448796,0
1005850,-1448796,1005850,-1449906,0
1003680,-1449566,1003680,-1448766,0
1003680,-1448766,1005880,-1448766,0
1005880,-1448766,1005880,-1449906,0
1004330,-1450616,1004330,-1450416,0
1004330,-1450416,1005230,-1450416,0
1005230,-1450416,1005230,-1450616,0
1000630,-1449166,1000530,-1449166,0
1003680,-1449380,1000630,-1449380,0
1003680,-1449330,1000630,-1449330,0
1000530,-1449516,1000530,-1449166,0
1000630,-1449516,1000630,-1449166,0
1000530,-1449380,997480,-1449380,0
1000530,-1449330,997480,-1449330,0
995930,-1450616,995930,-1450416,0
995930,-1450416,996830,-1450416,0
996830,-1450416,996830,-1450616,0
995350,-1449906,995350,-1448836,0
995350,-1448836,997410,-1448836,0
997410,-1448836,997410,-1449566,0
995310,-1449906,995310,-1448796,0
995310,-1448796,997450,-1448796,0
997450,-1448796,997450,-1449566,0
995280,-1449906,995280,-1448766,0
995280,-1448766,997480,-1448766,0
997480,-1448766,997480,-1449566,0
992230,-1449506,992130,-1449506,0
992230,-1449856,992230,-1449506,0
992130,-1449856,992130,-1449506,0
989080,-1449856,989080,-1449666,0
989080,-1449666,985980,-1449666,0
985980,-1449666,985980,-1451866,0
985980,-1451866,986780,-1451866,0
989050,-1449856,989050,-1449696,0
989050,-1449696,986010,-1449696,0
986010,-1449696,986010,-1451836,0
986010,-1451836,986780,-1451836,0
988030,-1449856,986050,-1449856,0
986050,-1449856,986050,-1451796,0
986050,-1451796,986780,-1451796,0
986980,-1451666,987780,-1451666,2
986980,-1451866,987780,-1451866,2
987830,-1451316,987630,-1451316,0
987630,-1451316,987630,-1450216,0
987630,-1450216,987830,-1450216,0
986380,-1480116,986380,-1480216,0
986730,-1480116,986380,-1480116,0
986730,-1480216,986380,-1480216,0
961520,-1492516,961600,-1492516,2
961520,-1493266,961600,-1493266,2
961520,-1493016,961615,-1493016,2
961520,-1492266,961600,-1492266,2
961920,-1484016,961870,-1484016,0
986780,-1474936,986050,-1474936,0
986050,-1474936,986050,-1476996,0
986050,-1476996,986780,-1476996,0
986780,-1474896,986010,-1474896,0
986010,-1474896,986010,-1477036,0
986010,-1477036,986780,-1477036,0
986780,-1474866,985980,-1474866,0
985980,-1474866,985980,-1477066,0
985980,-1477066,986780,-1477066,0
986980,-1476866,987780,-1476866,2
986980,-1477066,987780,-1477066,2
987830,-1475416,987630,-1475416,0
987630,-1475416,987630,-1476516,0
987630,-1476516,987830,-1476516,0
961920,-1493336,961710,-1493336,0
961920,-1493356,961680,-1493356,0
961710,-1493336,961710,-1490346,0
961920,-1490346,961710,-1490346,0
961920,-1490316,961680,-1490316,0
961680,-1490316,961680,-1493356,0
961920,-1488816,961680,-1488816,0
961920,-1488786,961710,-1488786,0
961680,-1485056,961680,-1488816,0
961710,-1485086,961710,-1488786,0
963880,-1484116,963880,-1483266,0
963810,-1483336,961920,-1483336,0
963850,-1483296,961710,-1483296,0
963880,-1483266,961680,-1483266,0
961920,-1484066,961920,-1483336,0
961710,-1485086,961710,-1483296,0
961680,-1485116,961680,-1483266,0
980680,-1484116,980680,-1483266,0
980680,-1483266,978480,-1483266,0
978480,-1483266,978480,-1484116,0
980650,-1484116,980650,-1483296,0
980650,-1483296,978510,-1483296,0
978510,-1483296,978510,-1484116,0
980610,-1484116,980610,-1483336,0
980610,-1483336,978550,-1483336,0
978550,-1483336,978550,-1484116,0
972210,-1484116,972210,-1483336,0
972210,-1483336,970150,-1483336,0
970150,-1483336,970150,-1484116,0
972250,-1484116,972250,-1483296,0
972250,-1483296,970110,-1483296,0
970110,-1483296,970110,-1484116,0
972280,-1484116,972280,-1483266,0
972280,-1483266,970080,-1483266,0
970080,-1483266,970080,-1484116,0
961920,-1500136,960850,-1500136,0
960850,-1500136,960850,-1502196,0
960850,-1502196,961920,-1502196,0
961920,-1500096,960810,-1500096,0
960810,-1500096,960810,-1502236,0
960810,-1502236,961920,-1502236,0
961920,-1500066,960780,-1500066,0
960780,-1500066,960780,-1502266,0
960780,-1502266,961920,-1502266,0
961870,-1495906,961870,-1484036,0
966100,-1490966,966100,-1491946,2
974330,-1495956,975930,-1495956,2
974330,-1495656,975930,-1495656,2
969275,-1487016,970275,-1487016,2
969275,-1486766,970275,-1486766,2
981050,-1495956,981875,-1495956,2
980950,-1495656,981950,-1495656,2
986780,-1458066,985980,-1458066,0
985980,-1458066,985980,-1460266,0
985980,-1460266,986780,-1460266,0
986780,-1466466,985980,-1466466,0
985980,-1466466,985980,-1468666,0
985980,-1468666,986780,-1468666,0
1014380,-1483266,1015180,-1483266,0
1015180,-1483266,1015180,-1485466,0
1015180,-1485466,1014380,-1485466,0
972280,-1514766,972280,-1515566,0
972280,-1515566,970080,-1515566,0
970080,-1515566,970080,-1514766,0
980440,-1513366,980440,-1515496,0
980680,-1508666,980680,-1515566,0
978480,-1514766,978480,-1515566,0
978480,-1515566,980680,-1515566,0
978510,-1515536,980650,-1515536,0
980650,-1508696,980650,-1511286,0
978510,-1514766,978510,-1515536,0
978550,-1515496,980440,-1515496,0
978550,-1514766,978550,-1515496,0
972250,-1514766,972250,-1515536,0
972250,-1515536,970110,-1515536,0
970110,-1515536,970110,-1514766,0
972210,-1514766,972210,-1515496,0
972210,-1515496,970150,-1515496,0
970150,-1515496,970150,-1514766,0
963810,-1515496,961920,-1515496,0
961710,-1510766,961710,-1511316,0
963850,-1515536,961710,-1515536,0
963880,-1515566,961680,-1515566,0
961680,-1510766,961680,-1515566,0
961920,-1513366,961920,-1515496,0
963810,-1514766,963810,-1515496,0
963850,-1514766,963850,-1515536,0
963880,-1514766,963880,-1515566,0
1003750,-1502366,1003750,-1503096,0
1003750,-1503096,1005640,-1503096,0
1005640,-1500966,1005640,-1503096,0
1012930,-1493626,1015110,-1493626,0
1014380,-1483296,1015150,-1483296,0
1015150,-1483296,1015150,-1485436,0
1015150,-1485436,1014380,-1485436,0
1014380,-1483336,1015110,-1483336,0
1015110,-1483336,1015110,-1485396,0
1015110,-1485396,1014380,-1485396,0
1014380,-1474936,1015110,-1474936,0
1015110,-1474936,1015110,-1476996,0
1015110,-1476996,1014380,-1476996,0
1014380,-1474896,1015150,-1474896,0
1015150,-1474896,1015150,-1477036,0
1015150,-1477036,1014380,-1477036,0
1014380,-1474866,1015180,-1474866,0
1015180,-1474866,1015180,-1477066,0
1015180,-1477066,1014380,-1477066,0
1014380,-1466466,1015180,-1466466,0
1015180,-1466466,1015180,-1468666,0
1015180,-1468666,1014380,-1468666,0
1014380,-1466496,1015150,-1466496,0
1015150,-1466496,1015150,-1468636,0
1015150,-1468636,1014380,-1468636,0
1014380,-1466536,1015110,-1466536,0
1015110,-1466536,1015110,-1468596,0
1015110,-1468596,1014380,-1468596,0
1014380,-1458136,1015110,-1458136,0
1015110,-1458136,1015110,-1460196,0
1015110,-1460196,1014380,-1460196,0
1014380,-1458096,1015150,-1458096,0
1015150,-1458096,1015150,-1460236,0
1015150,-1460236,1014380,-1460236,0
1014380,-1458066,1015180,-1458066,0
1015180,-1458066,1015180,-1460266,0
1015180,-1460266,1014380,-1460266,0
986780,-1458096,986010,-1458096,0
986010,-1458096,986010,-1460236,0
986010,-1460236,986780,-1460236,0
986780,-1458136,986050,-1458136,0
986050,-1458136,986050,-1460196,0
986050,-1460196,986780,-1460196,0
986780,-1466496,986010,-1466496,0
986010,-1466496,986010,-1468636,0
986010,-1468636,986780,-1468636,0
986780,-1466536,986050,-1466536,0
986050,-1466536,986050,-1468596,0
986050,-1468596,986780,-1468596,0
980440,-1511316,980680,-1511316,0
980440,-1512816,980680,-1512816,0
980440,-1512846,980680,-1512846,0
980440,-1511286,980650,-1511286,0
980650,-1512846,980650,-1515536,0
1014380,-1491696,1015150,-1491696,0
1015150,-1491696,1015150,-1493836,0
1015150,-1493836,1011910,-1493836,0
1005850,-1496266,1005850,-1497866,0
1005850,-1503136,1003710,-1503136,0
1003710,-1503136,1003710,-1502366,0
1003680,-1502366,1003680,-1503166,0
1003680,-1503166,1005880,-1503166,0
1005880,-1503166,1005880,-1496266,0
1008880,-1493866,1015180,-1493866,0
1015180,-1493866,1015180,-1491666,0
1015180,-1491666,1014380,-1491666,0
1014380,-1491736,1015110,-1491736,0
1015110,-1491736,1015110,-1493626,0
1005640,-1496296,1005880,-1496296,0
1005640,-1496266,1005880,-1496266,0
1005640,-1497836,1005880,-1497836,0
1005640,-1497866,1005880,-1497866,0
1005640,-1499366,1005880,-1499366,0
1005640,-1499396,1005880,-1499396,0
1005850,-1499366,1005850,-1503136,0
1008880,-1493626,1008880,-1493866,0
1008910,-1493626,1008910,-1493836,0
961920,-1512816,961680,-1512816,0
961920,-1512846,961680,-1512846,0
961920,-1511286,961680,-1511286,0
961920,-1511316,961680,-1511316,0
961710,-1512816,961710,-1515536,0
996480,-1466216,996480,-1467066,2
1010380,-1493626,1010380,-1493866,0
1011880,-1493626,1011880,-1493866,0
1010350,-1493626,1010350,-1493836,0
1011910,-1493626,1011910,-1493836,0
1010350,-1493836,1008910,-1493836,0
997290,-1503166,997480,-1503166,0
997480,-1503166,997480,-1502366,0
992530,-1455566,993430,-1455566,2
990480,-1454366,990480,-1455266,2
1014180,-1460266,1013380,-1460266,2
1014180,-1460066,1013380,-1460066,2
1014180,-1468466,1013380,-1468466,2
1014180,-1468666,1013380,-1468666,2
1014180,-1477066,1013380,-1477066,2
1014180,-1476866,1013380,-1476866,2
1014180,-1485266,1013380,-1485266,2
1014180,-1485466,1013380,-1485466,2
1013380,-1491666,1014180,-1491666,2
1013380,-1491866,1014180,-1491866,2
1003680,-1501366,1003680,-1502166,2
1003880,-1501366,1003880,-1502166,2
1013330,-1458616,1013530,-1458616,0
1013530,-1458616,1013530,-1459716,0
1013530,-1459716,1013330,-1459716,0
1013330,-1467016,1013530,-1467016,0
1013530,-1467016,1013530,-1468116,0
1013530,-1468116,1013330,-1468116,0
1013330,-1475416,1013530,-1475416,0
1013530,-1475416,1013530,-1476516,0
1013530,-1476516,1013330,-1476516,0
1013330,-1483816,1013530,-1483816,0
1013530,-1483816,1013530,-1484916,0
1013530,-1484916,1013330,-1484916,0
1004230,-1501316,1004230,-1501516,0
1004230,-1501516,1005330,-1501516,0
1005330,-1501516,1005330,-1501316,0
978480,-1513766,978480,-1514566,2
978680,-1513766,978680,-1514566,2
980490,-1513716,978730,-1513716,0
980490,-1513666,980490,-1513716,0
970330,-1513716,972030,-1513716,0
970280,-1513766,970280,-1514566,2
970080,-1513766,970080,-1514566,2
963680,-1513766,963680,-1514566,2
963880,-1513766,963880,-1514566,2
961870,-1513716,963630,-1513716,0
961870,-1513666,961870,-1513716,0
961920,-1493266,961920,-1493016,2
961920,-1493016,961600,-1493016,2
961600,-1493016,961600,-1493266,2
961920,-1492266,961920,-1492516,2
961920,-1492516,961600,-1492516,2
961600,-1492516,961600,-1492266,2
991110,-1461706,992310,-1461706,2
999280,-1448766,999280,-1448366,2
999280,-1448366,999780,-1448366,2
999780,-1448366,999780,-1448766,2
999300,-1450266,999300,-1450516,2
999300,-1450516,998980,-1450516,2
998980,-1450516,998980,-1450266,2
963880,-1514966,966930,-1514966,0
963880,-1515016,966930,-1515016,0
966930,-1515166,967030,-1515166,0
966930,-1514816,966930,-1515166,0
967030,-1514816,967030,-1515166,0
967030,-1514966,970080,-1514966,0
967030,-1515016,970080,-1515016,0
975330,-1515016,972280,-1515016,0
975330,-1514966,972280,-1514966,0
975330,-1514816,975330,-1515166,0
975430,-1514816,975430,-1515166,0
975430,-1515166,975330,-1515166,0
978480,-1515016,975430,-1515016,0
978480,-1514966,975430,-1514966,0
1000530,-1502766,1000630,-1502766,0
1000530,-1502416,1000530,-1502766,0
1000630,-1502416,1000630,-1502766,0
1014430,-1488516,1014780,-1488516,0
1014430,-1488616,1014780,-1488616,0
1014780,-1488616,1014780,-1488516,0
1014780,-1480216,1014780,-1480116,0
1014430,-1480216,1014780,-1480216,0
1014430,-1480116,1014780,-1480116,0
1014780,-1471816,1014780,-1471716,0
1014430,-1471816,1014780,-1471816,0
1014430,-1471716,1014780,-1471716,0
1014780,-1455016,1014780,-1454916,0
1014430,-1455016,1014780,-1455016,0
1014430,-1454916,1014780,-1454916,0
986730,-1454116,986380,-1454116,0
986730,-1454016,986380,-1454016,0
986380,-1454016,986380,-1454116,0
986730,-1471716,986380,-1471716,0
986730,-1471616,986380,-1471616,0
986380,-1471616,986380,-1471716,0
1013330,-1492216,1013530,-1492216,0
1013530,-1492216,1013530,-1493316,0
1013530,-1493316,1013330,-1493316,0
961710,-1508696,961710,-1511316,0
961680,-1508666,961680,-1515566,0
961920,-1511286,961680,-1511286,0
961920,-1511316,961680,-1511316,0
961680,-1508666,961870,-1508666,0
961710,-1508696,961870,-1508696,0
987430,-1501316,987430,-1501516,0
987430,-1501516,988530,-1501516,0
988530,-1501516,988530,-1501316,0
986880,-1501366,986880,-1502166,2
987080,-1501366,987080,-1502166,2
989010,-1502366,989010,-1503096,0
989010,-1503096,986950,-1503096,0
986950,-1503096,986950,-1502366,0
989050,-1502366,989050,-1503136,0
989050,-1503136,986910,-1503136,0
986910,-1503136,986910,-1502366,0
989080,-1502366,989080,-1503166,0
989080,-1503166,986880,-1503166,0
986880,-1503166,986880,-1502366,0
995830,-1501316,995830,-1501516,0
995830,-1501516,996930,-1501516,0
996930,-1501516,996930,-1501316,0
995480,-1501366,995480,-1502166,2
995280,-1501366,995280,-1502166,2
997480,-1502366,997480,-1503166,0
997480,-1503166,995280,-1503166,0
995280,-1503166,995280,-1502366,0
997450,-1502366,997450,-1503136,0
997450,-1503136,995310,-1503136,0
995310,-1503136,995310,-1502366,0
997410,-1502366,997410,-1503096,0
997410,-1503096,995350,-1503096,0
995350,-1503096,995350,-1502366,0
983730,-1502766,983830,-1502766,0
983730,-1502416,983730,-1502766,0
983830,-1502416,983830,-1502766,0
992130,-1502766,992230,-1502766,0
992130,-1502416,992130,-1502766,0
992230,-1502416,992230,-1502766,0
980490,-1508666,980680,-1508666,0
980490,-1508696,980650,-1508696,0
970680,-1500666,971690,-1500666,0
971690,-1500666,971690,-1500166,0
971690,-1500166,970680,-1500166,0
975930,-1495956,974330,-1495956,2
982900,-1495906,982900,-1495956,0
1012680,-1459266,1009530,-1459266,0
976460,-1486966,977440,-1486966,0
977440,-1486766,977440,-1486966,0
979210,-1486766,979210,-1486966,0
976460,-1486766,977440,-1486766,0
979210,-1486966,979310,-1486966,0
979210,-1486766,979310,-1486766,0
968780,-1498806,968810,-1498806,0
968780,-1498706,968810,-1498706,0
969180,-1498506,968780,-1498506,0
968780,-1498506,968780,-1499006,0
968780,-1499006,969180,-1499006,0
969150,-1498536,968810,-1498536,0
968810,-1498536,968810,-1498976,0
968810,-1498976,969150,-1498976,0
969150,-1498976,969095,-1498602,3
969095,-1498602,968810,-1498536,3
973210,-1498976,973264,-1498602,3
973264,-1498602,973550,-1498536,3
973210,-1498536,973550,-1498536,0
973550,-1498536,973550,-1498976,0
973550,-1498976,973210,-1498976,0
973180,-1498506,973580,-1498506,0
973580,-1498506,973580,-1499006,0
973580,-1499006,973180,-1499006,0
973580,-1498706,973550,-1498706,0
973580,-1498806,973550,-1498806,0
983540,-1488946,983540,-1488916,0
983440,-1488946,983440,-1488916,0
983650,-1488951,983650,-1489166,0
983650,-1488951,983650,-1488916,0
983330,-1488916,983330,-1489166,0
983330,-1489166,983650,-1489166,0
983650,-1489166,983650,-1488916,0
983360,-1488946,983360,-1489136,0
983360,-1489136,983620,-1489136,0
983620,-1489136,983620,-1488946,0
983360,-1488946,983600,-1488972,3
983600,-1488972,983620,-1489136,3
983400,-1489666,983400,-1489636,0
983500,-1489666,983500,-1489636,0
983250,-1489166,983650,-1489166,0
983650,-1489166,983650,-1489666,0
983650,-1489666,983250,-1489666,0
983280,-1489196,983620,-1489196,0
983620,-1489196,983620,-1489636,0
983620,-1489636,983280,-1489636,0
983280,-1489636,983334,-1489262,3
983334,-1489262,983620,-1489196,3
995910,-1489556,995880,-1489556,0
995910,-1489456,995880,-1489456,0
995880,-1489346,996130,-1489346,0
996130,-1489346,996130,-1489666,0
996130,-1489666,995880,-1489666,0
995910,-1489376,996100,-1489376,0
996100,-1489376,996100,-1489636,0
996100,-1489636,995910,-1489636,0
995910,-1489376,995935,-1489617,3
995935,-1489617,996100,-1489636,3
996660,-1490236,996714,-1489862,3
996714,-1489862,997000,-1489796,3
996660,-1489796,997000,-1489796,0
997000,-1489796,997000,-1490236,0
997000,-1490236,996660,-1490236,0
996630,-1489766,997030,-1489766,0
997030,-1489766,997030,-1490266,0
997030,-1490266,996630,-1490266,0
996850,-1489376,996824,-1489617,3
996824,-1489617,996660,-1489636,3
996850,-1489376,996660,-1489376,0
996660,-1489376,996660,-1489636,0
996660,-1489636,996850,-1489636,0
996880,-1489346,996630,-1489346,0
996630,-1489346,996630,-1489666,0
996630,-1489666,996880,-1489666,0
996845,-1489766,996630,-1489766,0
992880,-1468976,992880,-1468946,0
992780,-1468976,992780,-1468946,0
992580,-1468576,992580,-1468976,0
992580,-1468976,993080,-1468976,0
993080,-1468976,993080,-1468576,0
992610,-1468606,992610,-1468946,0
992610,-1468946,993050,-1468946,0
993050,-1468946,993050,-1468606,0
993050,-1468606,992675,-1468661,3
992675,-1468661,992610,-1468946,3
999090,-1475496,999090,-1475466,0
999190,-1475496,999190,-1475466,0
999300,-1475466,999300,-1475716,0
999300,-1475716,998980,-1475716,0
998980,-1475716,998980,-1475466,0
999270,-1475496,999270,-1475686,0
999270,-1475686,999010,-1475686,0
999010,-1475686,999010,-1475496,0
999270,-1475496,999029,-1475522,3
999029,-1475522,999010,-1475686,3
999580,-1478366,999580,-1478336,0
999480,-1478366,999480,-1478336,0
999280,-1477966,999280,-1478366,0
999280,-1478366,999880,-1478366,0
999880,-1478366,999880,-1477966,0
999310,-1477996,999310,-1478336,0
999310,-1478336,999850,-1478336,0
999850,-1478336,999850,-1477996,0
999850,-1477996,999375,-1478051,3
999375,-1478051,999310,-1478336,3
999270,-1476436,999029,-1476410,3
999029,-1476410,999010,-1476246,3
999270,-1476436,999270,-1476246,0
999270,-1476246,999010,-1476246,0
999010,-1476246,999010,-1476436,0
999300,-1476466,999300,-1476216,0
999300,-1476216,998980,-1476216,0
998980,-1476216,998980,-1476466,0
999190,-1476436,999190,-1476466,0
999090,-1476436,999090,-1476466,0
973180,-1499006,973580,-1499006,0
973580,-1499006,973580,-1498206,0
973580,-1498206,973180,-1498206,0
983650,-1488916,982900,-1488916,0
982900,-1488916,982900,-1489669,0
982900,-1489669,983650,-1489669,0
999880,-1478366,999880,-1477966,0
992580,-1468976,993080,-1468976,0
993080,-1468976,993080,-1468426,0
993080,-1468426,992580,-1468426,0
962380,-1509916,962120,-1509916,0
962380,-1509916,962120,-1509916,0
996780,-1468299,996780,-1472431,0
964900,-1495656,965100,-1495656,0
995880,-1490116,995880,-1488857,0
996030,-1490116,996030,-1488857,0
983630,-1484266,983630,-1484666,0
983630,-1485626,983630,-1486766,0
983780,-1484266,983780,-1484666,0
983780,-1485626,983780,-1486766,0
968780,-1499006,969402,-1499006,0
995880,-1488857,997030,-1488857,0
979310,-1486766,979310,-1486966,0
976460,-1486966,977440,-1486966,0
977440,-1486766,977440,-1486966,0
979210,-1486766,979210,-1486966,0
976460,-1486766,977440,-1486766,0
979210,-1486966,979310,-1486966,0
979210,-1486766,979310,-1486766,0
996030,-1490116,996030,-1489007,0
996030,-1489007,997030,-1489007,0
997030,-1489007,997030,-1490266,0
997030,-1490266,996030,-1490266,0
969402,-1499006,969402,-1498206,0
963180,-1509916,963180,-1510066,0
963180,-1510066,962092,-1510066,0
996518,-1470323,996780,-1470323,3
995880,-1469896,995880,-1469896,3
968780,-1498206,968980,-1498206,0
983014,-1495806,985287,-1495806,0
982900,-1495956,997030,-1495956,0
982900,-1495806,997030,-1495806,0
995880,-1490266,995880,-1488857,0
996030,-1490116,996030,-1488951,0
996030,-1490266,995880,-1490266,0
997030,-1489007,997030,-1488857,0
982900,-1490287,982900,-1489377,0
997030,-1490116,996030,-1490116,0
998780,-1478266,998780,-1478416,0
998780,-1490316,1005130,-1490316,0
1005280,-1490316,1005930,-1490316,0
1009105,-1490316,1009205,-1490316,0
998780,-1490166,1005930,-1490166,0
1009105,-1490166,1009455,-1490166,0
990905,-1469021,990905,-1468426,0
991055,-1469021,991055,-1468426,0
994805,-1475026,994805,-1472431,0
994655,-1475026,994655,-1472431,0
993030,-1470071,993030,-1470036,0
994655,-1472431,994805,-1472431,0
994655,-1475026,994805,-1475026,0
991055,-1469021,990905,-1469021,0
966930,-1514566,966930,-1514566,0
996480,-1465816,996480,-1465511,0
996480,-1465511,996780,-1465511,0
996780,-1465511,996780,-1465916,0
996480,-1466016,996480,-1466216,0
996780,-1465916,996780,-1466216,0
996780,-1466216,996780,-1466216,0
996780,-1466216,996480,-1466216,0
996480,-1466216,996480,-1466216,0
999780,-1475891,1004280,-1475891,0
999780,-1476041,1002005,-1476041,0
1002155,-1476041,1004280,-1476041,0
1002155,-1476041,1004280,-1476041,0
1005280,-1475891,1009580,-1475891,0
1007205,-1475891,1010430,-1475891,0
971690,-1501666,971690,-1500666,0
1001680,-1478416,1001780,-1478416,0
998780,-1476466,998780,-1478266,0
962380,-1509916,962120,-1509916,0
962380,-1509916,962120,-1509916,0
968930,-1501416,968930,-1501516,0
963180,-1510066,962092,-1510066,0
968780,-1508516,968780,-1502726,0
968929,-1509416,968929,-1502711,0
968929,-1499056,968929,-1499006,0
963180,-1509716,964070,-1509716,0
963180,-1509566,964070,-1509566,0
980240,-1509916,979980,-1509916,0
980240,-1510066,979980,-1510066,0
971890,-1510066,971680,-1510066,0
970030,-1511388,970030,-1511538,0
968929,-1509416,970680,-1509416,0
968780,-1509566,970680,-1509566,0
971680,-1510066,971890,-1510066,0
965280,-1511538,965280,-1514566,0
965130,-1509716,965130,-1514566,0
965280,-1511388,969070,-1511388,0
970680,-1510066,970680,-1510166,0
970680,-1511126,970680,-1511388,0
970680,-1511538,970680,-1513066,0
970830,-1510066,970830,-1510166,0
970830,-1511126,970830,-1513066,0
970030,-1511388,970680,-1511388,0
970030,-1511538,970680,-1511538,0
963130,-1505641,967180,-1505641,0
963130,-1505491,967180,-1505491,0
967180,-1505641,967180,-1505491,0
963130,-1505641,963130,-1505491,0
965280,-1511538,969070,-1511538,0
963280,-1501666,963480,-1501666,0
963280,-1501516,963480,-1501516,0
970680,-1501666,968929,-1501666,0
970680,-1501516,968930,-1501516,0
964900,-1495956,965100,-1495956,0
968929,-1499056,968780,-1499056,0
968780,-1501416,968780,-1501666,0
968780,-1501766,968780,-1501666,0
968929,-1501766,968929,-1501666,0
968780,-1509566,968780,-1508366,0
966300,-1495656,966100,-1495656,3
966300,-1495656,966300,-1495656,0
966100,-1495656,966100,-1495656,0
966300,-1495955,966300,-1496506,0
964878,-1495956,965100,-1495956,0
964900,-1495656,965100,-1495656,0
966100,-1495955,966100,-1496506,0
998780,-1490166,998780,-1490316,0
998945,-1502166,998945,-1502016,0
999904,-1498979,1001719,-1498979,2
1001719,-1498979,1001719,-1499029,2
1001719,-1499029,999904,-1499029,2
997480,-1502166,998945,-1502166,0
997480,-1502016,998780,-1502016,0
987480,-1484566,986980,-1484566,0
986730,-1484766,987480,-1484766,0
986980,-1484566,987480,-1484566,0
986980,-1484566,986980,-1483266,0
986980,-1483266,986730,-1483266,0
986730,-1483266,986730,-1484066,0
1013979,-1478416,1014180,-1478416,0
1009668,-1478266,1013019,-1478266,0
1013979,-1478266,1014180,-1478266,0
1009205,-1493426,1009205,-1490316,0
1009355,-1493426,1009355,-1490316,0
1005280,-1492266,1005280,-1490316,0
1005130,-1492266,1005130,-1490316,0
996580,-1471469,996580,-1472431,0
996580,-1472431,996780,-1472431,0
996780,-1472431,996780,-1471466,0
999880,-1478416,999880,-1478366,0
999280,-1478266,998780,-1478266,0
999280,-1478366,999280,-1478416,0
1013280,-1491666,1013280,-1490166,0
1013130,-1491666,1013130,-1490316,0
998930,-1495231,998930,-1495311,0
998930,-1495461,998930,-1495541,0
998780,-1495231,998780,-1495541,0
1014380,-1458266,1014380,-1458066,0
1014380,-1458066,1014180,-1458066,0
1014430,-1458316,1014430,-1458066,0
1014430,-1458066,1014380,-1458066,0
1014430,-1466466,1014430,-1463466,1
1014180,-1466466,1014180,-1463466,1
1014263,-1463466,1014263,-1466466,1
1014346,-1463466,1014346,-1466466,1
1014380,-1466666,1014380,-1466466,0
1014380,-1466466,1014180,-1466466,0
1014180,-1463123,1014180,-1463223,0
1014180,-1463466,1014380,-1463466,0
1014380,-1463466,1014380,-1463366,0
1014430,-1466716,1014430,-1466466,0
1014430,-1466466,1014380,-1466466,0
1014430,-1463466,1014430,-1463366,0
1014430,-1463466,1014380,-1463466,0
1014180,-1474866,1014180,-1471866,1
1014430,-1474866,1014430,-1471866,1
1014346,-1471866,1014346,-1474866,1
1014263,-1471866,1014263,-1474866,1
1014380,-1475066,1014380,-1474866,0
1014380,-1474866,1014180,-1474866,0
1014180,-1471866,1014380,-1471866,0
1014380,-1471866,1014380,-1471766,0
1014430,-1475116,1014430,-1474866,0
1014430,-1474866,1014380,-1474866,0
1014430,-1471866,1014430,-1471766,0
1014430,-1471866,1014380,-1471866,0
1014380,-1460066,1014180,-1460066,0
1014180,-1460066,1014180,-1460266,0
1013080,-1460266,1013380,-1460266,0
1013380,-1460266,1013380,-1460066,0
1013380,-1460066,1013280,-1460066,0
1014430,-1460016,1014180,-1460016,0
1014180,-1460016,1014180,-1460066,0
1013380,-1460016,1013330,-1460016,0
1013380,-1460016,1013380,-1460066,0
1014380,-1458266,1013280,-1458266,0
1014180,-1458066,1013080,-1458066,0
1014430,-1458316,1013330,-1458316,0
1013080,-1458666,1013080,-1458066,0
1013280,-1458666,1013280,-1458266,0
1013330,-1458666,1013330,-1458316,0
1013280,-1459666,1013280,-1460066,0
1013080,-1459666,1013080,-1460266,0
1013330,-1459666,1013330,-1460016,0
1014380,-1468466,1014180,-1468466,0
1014180,-1468466,1014180,-1468666,0
1013080,-1468666,1013380,-1468666,0
1013380,-1468666,1013380,-1468466,0
1013380,-1468466,1013280,-1468466,0
1014430,-1468416,1014180,-1468416,0
1014180,-1468416,1014180,-1468466,0
1013380,-1468416,1013330,-1468416,0
1013380,-1468416,1013380,-1468466,0
1014380,-1466666,1013280,-1466666,0
1014430,-1466716,1013330,-1466716,0
1013080,-1467066,1013080,-1466466,0
1013280,-1467066,1013280,-1466666,0
1013330,-1467066,1013330,-1466716,0
1013280,-1468066,1013280,-1468466,0
1013080,-1468066,1013080,-1468666,0
1013330,-1468066,1013330,-1468416,0
1014380,-1475066,1013280,-1475066,0
1014180,-1474866,1013080,-1474866,0
1014430,-1475116,1013330,-1475116,0
1013080,-1475466,1013080,-1474866,0
1013280,-1475466,1013280,-1475066,0
1013330,-1475466,1013330,-1475116,0
1013280,-1476466,1013280,-1476866,0
1013080,-1476466,1013080,-1477066,0
1013330,-1476466,1013330,-1476816,0
1014430,-1463266,1014430,-1460266,1
1014180,-1463266,1014180,-1460266,1
1014263,-1460266,1014263,-1463266,1
1014346,-1460266,1014346,-1463266,1
1014380,-1463366,1014380,-1463266,0
1014380,-1463266,1014180,-1463266,0
1014180,-1463266,1014180,-1463366,0
1014180,-1460266,1014380,-1460266,0
1014380,-1460266,1014380,-1460066,0
1014430,-1463366,1014430,-1463266,0
1014430,-1463266,1014380,-1463266,0
1014430,-1460266,1014430,-1460016,0
1014430,-1460266,1014380,-1460266,0
1014180,-1471666,1014180,-1468666,1
1014430,-1471666,1014430,-1468666,1
1014346,-1468666,1014346,-1471666,1
1014263,-1468666,1014263,-1471666,1
1014380,-1471766,1014380,-1471666,0
1014380,-1471666,1014180,-1471666,0
1014180,-1468666,1014380,-1468666,0
1014380,-1468666,1014380,-1468466,0
1014430,-1471766,1014430,-1471666,0
1014430,-1471666,1014380,-1471666,0
1014430,-1468666,1014430,-1468416,0
1014430,-1468666,1014380,-1468666,0
1014380,-1474936,1015110,-1474936,0
1015110,-1474936,1015110,-1476996,0
1015110,-1476996,1014380,-1476996,0
1014380,-1474896,1015150,-1474896,0
1015150,-1474896,1015150,-1477036,0
1015150,-1477036,1014380,-1477036,0
1014380,-1474866,1015180,-1474866,0
1015180,-1474866,1015180,-1477066,0
1015180,-1477066,1014380,-1477066,0
1014380,-1466466,1015180,-1466466,0
1015180,-1466466,1015180,-1468666,0
1015180,-1468666,1014380,-1468666,0
1014380,-1466496,1015150,-1466496,0
1015150,-1466496,1015150,-1468636,0
1015150,-1468636,1014380,-1468636,0
1014380,-1466536,1015110,-1466536,0
1015110,-1466536,1015110,-1468596,0
1015110,-1468596,1014380,-1468596,0
1014380,-1458136,1015110,-1458136,0
1015110,-1458136,1015110,-1460196,0
1015110,-1460196,1014380,-1460196,0
1014380,-1458096,1015150,-1458096,0
1015150,-1458096,1015150,-1460236,0
1015150,-1460236,1014380,-1460236,0
1014380,-1458066,1015180,-1458066,0
1015180,-1458066,1015180,-1460266,0
1015180,-1460266,1014380,-1460266,0
1014180,-1460266,1013380,-1460266,2
1014180,-1460066,1013380,-1460066,2
1014180,-1468466,1013380,-1468466,2
1014180,-1468666,1013380,-1468666,2
1013330,-1458616,1013530,-1458616,0
1013530,-1458616,1013530,-1459716,0
1013530,-1459716,1013330,-1459716,0
1013330,-1467016,1013530,-1467016,0
1013530,-1467016,1013530,-1468116,0
1013530,-1468116,1013330,-1468116,0
1013330,-1475416,1013530,-1475416,0
1013530,-1475416,1013530,-1476516,0
1013530,-1476516,1013330,-1476516,0
1014780,-1471816,1014780,-1471716,0
1014430,-1471816,1014780,-1471816,0
1014430,-1471716,1014780,-1471716,0
1012680,-1459266,1009530,-1459266,0
999090,-1475496,999090,-1475466,0
999190,-1475496,999190,-1475466,0
999300,-1475466,999300,-1475716,0
999300,-1475716,998980,-1475716,0
998980,-1475716,998980,-1475466,0
999270,-1475496,999270,-1475686,0
999270,-1475686,999010,-1475686,0
999010,-1475686,999010,-1475496,0
999270,-1475496,999029,-1475522,3
999029,-1475522,999010,-1475686,3
999750,-1473936,999375,-1473881,3
999375,-1473881,999310,-1473596,3
999310,-1473936,999310,-1473596,0
999310,-1473596,999750,-1473596,0
999750,-1473596,999750,-1473936,0
999280,-1473966,999280,-1473566,0
999280,-1473566,999780,-1473566,0
999780,-1473566,999780,-1473966,0
999480,-1473566,999480,-1473596,0
999270,-1476436,999029,-1476410,3
999029,-1476410,999010,-1476246,3
999270,-1476436,999270,-1476246,0
999270,-1476246,999010,-1476246,0
999010,-1476246,999010,-1476436,0
999300,-1476466,999300,-1476216,0
999300,-1476216,998980,-1476216,0
998980,-1476216,998980,-1476466,0
999190,-1476436,999190,-1476466,0
999090,-1476436,999090,-1476466,0
998980,-1473966,999780,-1473966,0
999780,-1473966,999780,-1473566,0
999780,-1473566,998980,-1473566,0
1002155,-1476041,1004280,-1476041,0
999750,-1473936,999375,-1473881,3
999375,-1473881,999310,-1473596,3
999310,-1473936,999310,-1473596,0
999310,-1473596,999750,-1473596,0
999750,-1473596,999750,-1473936,0
999280,-1473966,999280,-1473566,0
999280,-1473566,999780,-1473566,0
999780,-1473566,999780,-1473966,0
999480,-1473566,999480,-1473596,0
998980,-1473966,999780,-1473966,0
999780,-1473966,999780,-1473566,0
999780,-1473566,998980,-1473566,0
1004280,-1465416,1004280,-1459266,0
1004430,-1465566,1004430,-1462926,0
1002430,-1465416,1003280,-1465416,0
1002430,-1465416,1002430,-1465566,0
1002430,-1465566,1003280,-1465566,0
1004780,-1471691,1004780,-1468066,0
1004930,-1471841,1004930,-1469066,0
1004930,-1469066,1004930,-1468066,0
1004780,-1471691,1004280,-1471691,0
1004280,-1471691,998980,-1471691,0
1004780,-1471841,1004280,-1471841,0
1004780,-1471841,998980,-1471841,0
1009530,-1462256,1009530,-1459266,0
1009380,-1462106,1009380,-1459266,0
1009530,-1462256,1009305,-1462256,0
1004240,-1465416,1004280,-1465416,0
1004240,-1465566,1004430,-1465566,0
1007180,-1459916,1007180,-1459266,0
1007030,-1459916,1007030,-1459266,0
980080,-1500838,980080,-1500838,0
1005930,-1490316,1005930,-1490166,0
1012630,-1490166,1013280,-1490166,0
1012630,-1490316,1013130,-1490316,0
1012630,-1490316,1012630,-1490166,0
971690,-1501666,974240,-1501666,0
975080,-1501666,975930,-1501666,0
971690,-1501516,974240,-1501516,0
975080,-1501516,975780,-1501516,0
1004930,-1473451,1004930,-1473460,0
1004780,-1473401,1004780,-1473501,0
1004930,-1471841,1004930,-1472491,0
1004780,-1472491,1004780,-1471841,0
1004930,-1473460,1004930,-1473651,0
979180,-1509916,971680,-1509916,0
979180,-1510066,971890,-1510066,0
1004430,-1462926,1004430,-1459266,0
999025,-1498979,999904,-1498979,2
999904,-1498979,999904,-1499029,2
999904,-1499029,999025,-1499029,2
1005263,-1499037,1005263,-1500852,2
1005263,-1500852,1005213,-1500852,2
1005213,-1500852,1005213,-1499037,2
1005262,-1495460,1005262,-1497222,2
1005262,-1497222,1005212,-1497222,2
1005212,-1497222,1005212,-1495460,2
1005262,-1497222,1005263,-1499037,2
1005263,-1499037,1005213,-1499037,2
1005213,-1499037,1005212,-1497222,2
999063,-1499073,999063,-1498193,2
999063,-1498193,999113,-1498193,2
999113,-1498193,999113,-1499073,2
999063,-1498935,999063,-1499814,2
999063,-1499814,999113,-1499814,2
999113,-1499814,999113,-1498935,2
1001719,-1498979,1003534,-1498979,2
1003534,-1498979,1003534,-1499029,2
1003534,-1499029,1001719,-1499029,2
1003534,-1498979,1005349,-1498979,2
1005349,-1498979,1005349,-1499029,2
1005349,-1499029,1003534,-1499029,2
998930,-1495461,1005440,-1495461,0
1005440,-1495461,1005440,-1495311,0
1005440,-1495311,998930,-1495311,0
979980,-1509066,980240,-1509066,0
1001780,-1478266,1001880,-1478266,0
1001780,-1478416,1001880,-1478416,0
1005280,-1476041,1009580,-1476041,0
1009355,-1490316,1009455,-1490316,0
962280,-1501666,962120,-1501666,0
962280,-1500666,962120,-1500666,0
966150,-1484266,966150,-1484666,0
966150,-1485626,966150,-1486766,0
966300,-1484266,966300,-1484666,0
966300,-1485626,966300,-1486766,0
964440,-1501516,966680,-1501516,0
964440,-1501666,966830,-1501666,0
967820,-1498206,966300,-1498206,0
967820,-1498006,966300,-1498006,0
967820,-1498006,967820,-1498206,0
966830,-1498206,966830,-1501666,0
966680,-1498206,966680,-1501516,0
966100,-1498214,962120,-1498214,0
966100,-1498064,962120,-1498064,0
965100,-1494667,966100,-1494667,0
965100,-1494517,966100,-1494517,0
965100,-1494667,965100,-1495956,0
964950,-1493817,964950,-1495656,0
965100,-1494517,965100,-1493817,0
965100,-1493817,964950,-1493817,0
965130,-1514566,965280,-1514566,0
975930,-1500816,975930,-1501666,0
975780,-1499920,975780,-1501516,0
965280,-1509566,965280,-1511388,0
965030,-1509566,965280,-1509566,0
965030,-1509716,965130,-1509716,0
998780,-1478416,999880,-1478416,0
1002940,-1478266,1009668,-1478266,0
1002940,-1478416,1013019,-1478416,0
986980,-1471741,990905,-1471741,0
986980,-1471591,990905,-1471591,0
991055,-1471471,991055,-1475366,0
990905,-1471471,990905,-1471591,0
988080,-1475216,989860,-1475216,0
988080,-1475366,989860,-1475366,0
990820,-1475366,991055,-1475366,0
990820,-1475216,990905,-1475216,0
992530,-1469887,993080,-1469887,0
993030,-1470071,993180,-1470071,0
990905,-1471741,990905,-1475216,0
988080,-1475216,989860,-1475216,0
992530,-1470037,993080,-1470037,0
995780,-1471131,995780,-1471231,0
995780,-1471131,996580,-1471131,0
995780,-1471231,996580,-1471231,0
1004780,-1473501,1002980,-1473501,0
1003130,-1473651,1003130,-1475891,0
1002980,-1473501,1002980,-1475891,0
1004930,-1473651,1003130,-1473651,0
1014180,-1463441,1010590,-1463441,0
1014180,-1463291,1010590,-1463291,0
1007030,-1459916,1007180,-1459916,0
1009380,-1462106,1009305,-1462106,0
968780,-1498206,968780,-1498006,0
996567,-1476966,996767,-1476966,0
982900,-1486766,985680,-1486766,0
985680,-1486766,985680,-1486966,0
985680,-1486966,982900,-1486966,0
987180,-1486766,996486,-1486766,0
996486,-1486766,996486,-1486966,0
996486,-1486966,987180,-1486966,0
966300,-1496506,966100,-1496506,0
966300,-1498006,966100,-1498006,0
966100,-1498006,966100,-1498214,0
966111,-1498006,966111,-1496506,0
966300,-1496506,966300,-1498006,0
1001680,-1477966,1001680,-1478416,0
1001780,-1477966,1001780,-1478266,0
997030,-1495806,997030,-1495956,0
968780,-1499056,968780,-1498206,0
996780,-1467016,996780,-1466216,2
1002000,-1477448,1002000,-1478369,2
1001988,-1478369,1001988,-1478381,2
1001950,-1478381,1001950,-1477436,2
1001950,-1477436,1001988,-1477436,2
1001988,-1478381,1001950,-1478381,2
1001950,-1478381,1001988,-1478381,2
1001988,-1478369,1002000,-1478369,2
1001988,-1477448,1001988,-1477436,2
1001988,-1477448,1002000,-1477448,2
1001927,-1477545,1001896,-1477545,2
1001891,-1477550,1001891,-1477656,2
1001891,-1477656,1001867,-1477656,2
1001867,-1477656,1001867,-1477525,2
1001867,-1477525,1001927,-1477525,2
1001927,-1477577,1001927,-1477493,2
1001927,-1477493,1001950,-1477493,2
1001950,-1477493,1001950,-1477577,2
1001950,-1477577,1001927,-1477577,2
1002023,-1477545,1002053,-1477545,2
1002058,-1477550,1002058,-1477656,2
1002058,-1477656,1002082,-1477656,2
1002082,-1477656,1002082,-1477525,2
1002082,-1477525,1002023,-1477525,2
1002023,-1477577,1002023,-1477493,2
1002023,-1477493,1002000,-1477493,2
1002000,-1477493,1002000,-1477577,2
1002000,-1477577,1002023,-1477577,2
978480,-1513466,978720,-1513466,0
972280,-1513466,972040,-1513466,0
986880,-1501066,987480,-1501066,0
986880,-1501066,986880,-1501366,0
973580,-1498206,974790,-1498206,0
989130,-1502166,989130,-1500836,3
989100,-1502166,989100,-1500866,3
980103,-1500666,976373,-1500666,0
979080,-1500816,975930,-1500816,0
980103,-1500666,980877,-1502006,0
974837,-1498006,976373,-1500666,0
974790,-1498206,975780,-1499920,0
974290,-1498006,974837,-1498006,0
989130,-1500866,986830,-1500866,3
989130,-1500836,986830,-1500836,3
986830,-1502166,986830,-1500836,3
986860,-1502166,986860,-1500866,3
980877,-1502006,980877,-1502166,0
999015,-1501056,999015,-1496501,0
998995,-1501056,998995,-1496501,0
979973,-1500741,980709,-1502016,0
980877,-1502166,980709,-1502166,0
980709,-1502016,980709,-1502166,0
998785,-1496501,999015,-1496501,0
998785,-1501056,999015,-1501056,0
973180,-1498206,969540,-1498206,0
979208,-1510186,978542,-1510186,2
978542,-1510174,978530,-1510174,2
978530,-1510136,979220,-1510136,2
979220,-1510136,979220,-1510174,2
978530,-1510174,978530,-1510136,2
978530,-1510136,978530,-1510174,2
978542,-1510174,978542,-1510186,2
979208,-1510174,979220,-1510174,2
979208,-1510174,979208,-1510186,2
979079,-1510113,979163,-1510113,2
979163,-1510113,979163,-1510136,2
979163,-1510136,979079,-1510136,2
979079,-1510209,979163,-1510209,2
979163,-1510209,979163,-1510186,2
979163,-1510186,979079,-1510186,2
971650,-1500376,971624,-1500617,3
971624,-1500617,971460,-1500636,3
971650,-1500376,971460,-1500376,3
971460,-1500376,971460,-1500636,3
971460,-1500636,971650,-1500636,3
971680,-1500346,971430,-1500346,3
971430,-1500346,971430,-1500666,3
971430,-1500666,971680,-1500666,3
971650,-1500456,971680,-1500456,3
971650,-1500556,971680,-1500556,3
973608,-1498754,973651,-1498710,3
973608,-1498754,973651,-1498797,3
973651,-1498797,973651,-1498710,3
970710,-1500376,970735,-1500617,3
970735,-1500617,970900,-1500636,3
970710,-1500376,970900,-1500376,3
970900,-1500376,970900,-1500636,3
970900,-1500636,970710,-1500636,3
970680,-1500346,970930,-1500346,3
970930,-1500346,970930,-1500666,3
970930,-1500666,970680,-1500666,3
970710,-1500456,970680,-1500456,3
970710,-1500556,970680,-1500556,3
964400,-1490516,964400,-1490416,3
964600,-1490516,964600,-1490416,3
964400,-1490416,964600,-1490416,3
964169,-1489016,964269,-1489016,3
964169,-1488816,964269,-1488816,3
964269,-1489016,964269,-1488816,3
965901,-1492858,965945,-1492901,3
965901,-1492858,965857,-1492901,3
965857,-1492901,965945,-1492901,3
965901,-1491975,965945,-1491932,3
965901,-1491975,965857,-1491932,3
965857,-1491932,965945,-1491932,3
962336,-1487288,962380,-1487331,3
962336,-1487288,962292,-1487331,3
962292,-1487331,962380,-1487331,3
996908,-1489504,996951,-1489460,3
996908,-1489504,996951,-1489547,3
996951,-1489547,996951,-1489460,3
997058,-1490014,997101,-1489970,3
997058,-1490014,997101,-1490057,3
997101,-1490057,997101,-1489970,3
995852,-1489504,995809,-1489460,3
995852,-1489504,995809,-1489547,3
995809,-1489547,995809,-1489460,3
983487,-1488888,983443,-1488845,3
983487,-1488888,983531,-1488845,3
983531,-1488845,983443,-1488845,3
999527,-1473538,999483,-1473495,3
999527,-1473538,999571,-1473495,3
999571,-1473495,999483,-1473495,3
999142,-1476494,999186,-1476537,3
999142,-1476494,999098,-1476537,3
999098,-1476537,999186,-1476537,3
999527,-1473538,999483,-1473495,3
999527,-1473538,999571,-1473495,3
999571,-1473495,999483,-1473495,3
999142,-1475438,999186,-1475395,3
999142,-1475438,999098,-1475395,3
999098,-1475395,999186,-1475395,3
999142,-1476494,999186,-1476537,3
999142,-1476494,999098,-1476537,3
999098,-1476537,999186,-1476537,3
999527,-1478394,999483,-1478437,3
999527,-1478394,999571,-1478437,3
999571,-1478437,999483,-1478437,3
999142,-1475438,999186,-1475395,3
999142,-1475438,999098,-1475395,3
999098,-1475395,999186,-1475395,3
992827,-1469004,992783,-1469047,3
992827,-1469004,992871,-1469047,3
992871,-1469047,992783,-1469047,3
999527,-1456738,999483,-1456695,3
999527,-1456738,999571,-1456695,3
999571,-1456695,999483,-1456695,3
999142,-1458638,999186,-1458595,3
999142,-1458638,999098,-1458595,3
999098,-1458595,999186,-1458595,3
993527,-1453388,993483,-1453345,3
993527,-1453388,993571,-1453345,3
993571,-1453345,993483,-1453345,3
994042,-1453538,994086,-1453495,3
994042,-1453538,993998,-1453495,3
993998,-1453495,994086,-1453495,3
994100,-1455796,993919,-1455770,3
993919,-1455770,993900,-1455596,3
993900,-1455796,993900,-1455596,3
993900,-1455596,994100,-1455596,3
994100,-1455596,994100,-1455796,3
993870,-1455826,993870,-1455566,3
993870,-1455566,994130,-1455566,3
994130,-1455566,994130,-1455826,3
990450,-1458029,990269,-1458003,3
990269,-1458003,990250,-1457829,3
990250,-1458029,990250,-1457829,3
990250,-1457829,990450,-1457829,3
990450,-1457829,990450,-1458029,3
990220,-1458059,990220,-1457799,3
990220,-1457799,990480,-1457799,3
990480,-1457799,990480,-1458059,3
971687,-1500504,971730,-1500460,3
971687,-1500504,971730,-1500547,3
971730,-1500547,971730,-1500460,3
970672,-1500504,970629,-1500460,3
970672,-1500504,970629,-1500547,3
970629,-1500547,970629,-1500460,3
